Distance_m	Basement	Seafloor
0.000000	-90.987043	-35.040979
4.080000	-91.810818	-35.982347
8.160000	-92.330981	-36.621331
12.240000	-92.845716	-37.256044
16.320000	-93.355087	-37.886485
20.400000	-93.859158	-38.512655
24.480000	-94.357991	-39.134554
28.560000	-94.851645	-39.752181
32.640000	-95.340176	-40.365537
36.720000	-95.823638	-40.974622
40.800000	-96.302083	-41.579435
44.880000	-96.775562	-42.179977
48.960000	-97.244122	-42.776248
53.040000	-97.707809	-43.368249
57.120000	-98.166669	-43.955978
61.200000	-98.586394	-44.539436
65.280000	-98.983839	-45.118623
69.360000	-99.374827	-45.693539
73.440000	-99.759559	-46.264185
77.520000	-100.138226	-46.830560
81.600000	-100.511005	-47.392664
85.680000	-100.878064	-47.950498
89.760000	-101.239562	-48.504060
93.840000	-101.595646	-49.053353
97.920000	-101.946455	-49.598375
102.000000	-102.292122	-50.139126
106.080000	-102.632768	-50.675607
110.160000	-102.953018	-51.192325
114.240000	-103.213130	-51.649431
118.320000	-103.342466	-51.976181
122.400000	-103.469682	-52.301139
126.480000	-103.594869	-52.624303
130.560000	-102.775615	-52.945675
134.640000	-102.887379	-53.265253
138.720000	-102.997989	-53.583039
142.800000	-103.107485	-53.899032
146.880000	-103.215903	-54.213232
150.960000	-103.323279	-54.525639
155.040000	-103.429645	-54.836253
159.120000	-103.535030	-55.145075
163.200000	-103.639462	-55.452103
167.280000	-103.742968	-55.757339
171.360000	-103.845570	-56.060783
175.440000	-103.947290	-56.362433
179.520000	-104.048149	-56.662291
183.600000	-104.148166	-56.960356
187.680000	-104.189204	-57.256628
191.760000	-104.218481	-57.551108
195.840000	-104.247218	-57.843795
199.920000	-104.275710	-58.134690
204.000000	-104.304039	-58.423792
208.080000	-104.332277	-58.711102
212.160000	-104.360487	-58.996619
216.240000	-104.388723	-59.280343
220.320000	-104.417034	-59.562275
224.400000	-104.406193	-59.802556
228.480000	-104.040184	-59.991051
232.560000	-104.042936	-60.179442
236.640000	-104.046941	-60.367730
240.720000	-104.052183	-60.555915
244.800000	-104.058651	-60.743997
248.880000	-104.066330	-60.931976
252.960000	-104.010316	-61.119852
257.040000	-103.916090	-61.307625
261.120000	-103.825358	-61.495294
265.200000	-103.738050	-61.682861
269.280000	-103.654102	-61.870324
273.360000	-103.573450	-62.057684
277.440000	-103.496032	-62.244941
281.520000	-103.421787	-62.432095
285.600000	-103.350655	-62.619146
289.680000	-103.282578	-62.806094
293.760000	-103.166700	-62.992939
297.840000	-103.051531	-63.179681
301.920000	-102.940753	-63.366319
306.000000	-102.834267	-63.552854
310.080000	-102.732304	-63.739287
314.160000	-102.634594	-63.925616
318.240000	-102.540831	-64.111842
322.320000	-102.450932	-64.297965
326.400000	-102.364814	-64.483985
330.480000	-102.282396	-64.669902
334.560000	-102.190285	-64.842399
338.640000	-102.090882	-65.003954
342.720000	-102.083355	-65.164262
346.800000	-102.136404	-65.323322
350.880000	-102.188172	-65.481134
354.960000	-102.236869	-65.635908
359.040000	-102.276799	-65.781949
363.120000	-102.316260	-65.927553
367.200000	-102.355250	-66.072722
371.280000	-102.393771	-66.217454
375.360000	-102.371219	-66.361749
379.440000	-102.306083	-66.505609
383.520000	-102.242314	-66.649032
387.600000	-102.209743	-66.792019
391.680000	-102.247336	-66.934570
395.760000	-102.231791	-67.076684
399.840000	-102.049239	-67.218362
403.920000	-101.952236	-67.359604
408.000000	-101.899725	-67.500410
412.080000	-101.848926	-67.640779
416.160000	-101.799803	-67.780712
420.240000	-101.751486	-67.919374
424.320000	-101.703938	-68.056762
428.400000	-101.658012	-68.193761
432.480000	-101.613675	-68.330372
436.560000	-101.570896	-68.466595
440.640000	-101.529643	-68.602429
444.720000	-101.429505	-68.677495
448.800000	-101.319181	-68.740520
452.880000	-101.209986	-68.802850
456.960000	-101.101892	-68.864484
461.040000	-100.994870	-68.925423
465.120000	-100.888894	-68.985667
469.200000	-100.783936	-69.045214
473.280000	-100.679933	-69.104067
477.360000	-100.576633	-69.162224
481.440000	-100.474172	-69.219686
485.520000	-100.372530	-69.276452
489.600000	-100.271689	-69.332523
493.680000	-100.171629	-69.387898
497.760000	-100.072333	-69.442578
501.840000	-99.973781	-69.496563
505.920000	-99.952366	-69.549852
510.000000	-99.940773	-69.602446
514.080000	-99.928679	-69.654345
518.160000	-99.916083	-69.705548
522.240000	-99.902985	-69.756056
526.320000	-99.889384	-69.805869
530.400000	-99.875279	-69.854986
534.480000	-99.860670	-69.903408
538.560000	-99.845555	-69.951135
542.640000	-99.829934	-69.998166
546.720000	-99.813807	-70.044503
550.800000	-99.819476	-70.112447
554.880000	-99.839957	-70.195017
558.960000	-99.860332	-70.277295
563.040000	-99.880601	-70.359281
567.120000	-99.900762	-70.440974
571.200000	-99.920815	-70.522375
575.280000	-99.940759	-70.603484
579.360000	-99.960594	-70.684301
583.440000	-99.980318	-70.764826
587.520000	-99.999932	-70.845058
591.600000	-100.019433	-70.924998
595.680000	-100.038823	-71.004647
599.760000	-100.058099	-71.084002
603.840000	-100.077261	-71.163066
607.920000	-100.096309	-71.241838
612.000000	-100.115242	-71.320317
616.080000	-100.122670	-71.398504
620.160000	-100.112120	-71.476400
624.240000	-100.087181	-71.554002
628.320000	-100.046833	-71.631313
632.400000	-99.998822	-71.717176
636.480000	-99.939118	-71.808745
640.560000	-99.860979	-71.900557
644.640000	-99.763025	-71.992613
648.720000	-99.725223	-72.084911
652.800000	-99.784099	-72.177453
656.880000	-99.840641	-72.268053
660.960000	-99.896405	-72.354642
665.040000	-99.953167	-72.441067
669.120000	-100.009516	-72.527329
673.200000	-100.065459	-72.613428
677.280000	-100.121002	-72.699364
681.360000	-100.138383	-72.785136
685.440000	-100.124848	-72.870745
689.520000	-100.111683	-72.956190
693.600000	-100.098887	-73.041473
697.680000	-100.086462	-73.126592
701.760000	-100.074406	-73.211548
705.840000	-100.062719	-73.296340
709.920000	-100.051402	-73.380970
714.000000	-100.040452	-73.465436
718.080000	-100.029869	-73.549738
722.160000	-100.019652	-73.633878
726.240000	-100.009800	-73.717854
730.320000	-100.000312	-73.801667
734.400000	-99.991187	-73.885317
738.480000	-99.982422	-73.968803
742.560000	-99.974017	-74.052126
746.640000	-99.965969	-74.135286
750.720000	-99.958277	-74.218283
754.800000	-99.950940	-74.301117
758.880000	-99.976141	-74.383787
762.960000	-100.000203	-74.464245
767.040000	-100.066079	-74.527455
771.120000	-100.129929	-74.589256
775.200000	-100.189292	-74.649647
779.280000	-100.244306	-74.708629
783.360000	-100.295106	-74.766200
787.440000	-100.341818	-74.822362
791.520000	-100.384565	-74.877115
795.600000	-100.423461	-74.930457
799.680000	-100.458681	-74.982390
803.760000	-100.505196	-75.032914
807.840000	-100.550301	-75.082027
811.920000	-100.593997	-75.129732
816.000000	-100.636283	-75.176026
820.080000	-100.677159	-75.220911
824.160000	-100.716625	-75.264387
828.240000	-100.754681	-75.306453
832.320000	-100.791820	-75.347109
836.400000	-100.913026	-75.386356
840.480000	-101.032685	-75.424194
844.560000	-101.150768	-75.460622
848.640000	-101.267245	-75.495641
852.720000	-101.382083	-75.529250
856.800000	-101.495248	-75.561450
860.880000	-101.606704	-75.592241
864.960000	-101.716415	-75.621622
869.040000	-101.824339	-75.649594
873.120000	-101.921873	-75.667595
877.200000	-102.014600	-75.683130
881.280000	-102.016786	-75.692919
885.360000	-102.018329	-75.702309
889.440000	-102.156242	-75.711298
893.520000	-102.281044	-75.719888
897.600000	-102.187595	-75.728078
901.680000	-102.093262	-75.735869
905.760000	-102.051685	-75.743259
909.840000	-102.059785	-75.750250
913.920000	-102.067348	-75.756841
918.000000	-102.074376	-75.763032
922.080000	-102.080871	-75.768824
926.160000	-102.086833	-75.774216
930.240000	-102.092264	-75.779208
934.320000	-102.097165	-75.783801
938.400000	-102.101537	-75.787994
942.480000	-102.105382	-75.791787
946.560000	-102.034740	-75.795180
950.640000	-101.937554	-75.798174
954.720000	-101.839252	-75.800769
958.800000	-101.739921	-75.802963
962.880000	-101.639643	-75.804758
966.960000	-101.538494	-75.806154
971.040000	-101.436547	-75.807150
975.120000	-101.428157	-75.902035
979.200000	-101.152058	-75.997161
983.280000	-100.730517	-76.092229
987.360000	-100.652392	-76.189812
991.440000	-100.746263	-76.288318
995.520000	-100.828208	-76.386666
999.600000	-100.899316	-76.484854
1003.680000	-100.960578	-76.582884
1007.760000	-101.044103	-76.680756
1011.840000	-101.137235	-76.778469
1015.920000	-101.230205	-76.876023
1020.000000	-101.323012	-76.973418
1024.080000	-101.415658	-77.070655
1028.160000	-101.435330	-77.167733
1032.240000	-101.537532	-77.264653
1036.320000	-101.656993	-77.361414
1040.400000	-101.775515	-77.458016
1044.480000	-101.876448	-77.554460
1048.560000	-101.968119	-77.650745
1052.640000	-102.059628	-77.746871
1056.720000	-102.150975	-77.842839
1060.800000	-102.242160	-77.938648
1064.880000	-102.333182	-78.034299
1068.960000	-102.423744	-78.129492
1073.040000	-102.524788	-78.235171
1077.120000	-102.820553	-78.379081
1081.200000	-103.075911	-78.523294
1085.280000	-103.249624	-78.667810
1089.360000	-103.422992	-78.812629
1093.440000	-103.595991	-78.957750
1097.520000	-103.768596	-79.103174
1101.600000	-103.940781	-79.248901
1105.680000	-104.112521	-79.394931
1109.760000	-104.283787	-79.541263
1113.840000	-104.454552	-79.687899
1117.920000	-104.624785	-79.834837
1122.000000	-104.785394	-79.982078
1126.080000	-104.882885	-80.129622
1130.160000	-104.980763	-80.277468
1134.240000	-105.079027	-80.425618
1138.320000	-105.177679	-80.574070
1142.400000	-105.277743	-80.723851
1146.480000	-105.380176	-80.875918
1150.560000	-105.483000	-81.028293
1154.640000	-105.586216	-81.180976
1158.720000	-105.689823	-81.333967
1162.800000	-105.793821	-81.487266
1166.880000	-105.898209	-81.640873
1170.960000	-106.002989	-81.794789
1175.040000	-106.078893	-81.919747
1179.120000	-106.111320	-82.001145
1183.200000	-106.143865	-82.082580
1187.280000	-106.176528	-82.164052
1191.360000	-106.209310	-82.245560
1195.440000	-106.290465	-82.327105
1199.520000	-106.419431	-82.408686
1203.600000	-106.541702	-82.490304
1207.680000	-106.656644	-82.571959
1211.760000	-106.773774	-82.653650
1215.840000	-106.868757	-82.735378
1219.920000	-106.905688	-82.817142
1224.000000	-106.885188	-82.898943
1228.080000	-106.856428	-82.980781
1232.160000	-106.885321	-83.062656
1236.240000	-106.958086	-83.144567
1240.320000	-107.030071	-83.226514
1244.400000	-107.101259	-83.308498
1248.480000	-107.161672	-83.390519
1252.560000	-107.197977	-83.472577
1256.640000	-107.234238	-83.554671
1260.720000	-107.270462	-83.636802
1264.800000	-107.306657	-83.718969
1268.880000	-107.342827	-83.801173
1272.960000	-107.378981	-83.883414
1277.040000	-107.392226	-83.942794
1281.120000	-107.422711	-83.985193
1285.200000	-107.450642	-84.027505
1289.280000	-107.474719	-84.069732
1293.360000	-107.495166	-84.111874
1297.440000	-107.549128	-84.153929
1301.520000	-107.616340	-84.195899
1305.600000	-107.687377	-84.242130
1309.680000	-107.764345	-84.294723
1313.760000	-107.840638	-84.347068
1317.840000	-107.916263	-84.399165
1321.920000	-107.991223	-84.451016
1326.000000	-108.065525	-84.502619
1330.080000	-108.148999	-84.553975
1334.160000	-108.281644	-84.605083
1338.240000	-108.414603	-84.655944
1342.320000	-108.547880	-84.706558
1346.400000	-108.658716	-84.756925
1350.480000	-108.732719	-84.807045
1354.560000	-108.805282	-84.856917
1358.640000	-108.876430	-84.906542
1362.720000	-108.946191	-84.955919
1366.800000	-109.014589	-85.005050
1370.880000	-109.081649	-85.053933
1374.960000	-109.283571	-85.102569
1379.040000	-109.758303	-85.150957
1383.120000	-109.919421	-85.199099
1387.200000	-110.083348	-85.226436
1391.280000	-110.271670	-85.246935
1395.360000	-110.461296	-85.267028
1399.440000	-110.652225	-85.286716
1403.520000	-110.844453	-85.305999
1407.600000	-111.037976	-85.324876
1411.680000	-111.232784	-85.343348
1415.760000	-111.428866	-85.361414
1419.840000	-111.626208	-85.379076
1423.920000	-111.824791	-85.396332
1428.000000	-112.024592	-85.413182
1432.080000	-112.227692	-85.429627
1436.160000	-112.434486	-85.445667
1440.240000	-112.642913	-85.461302
1444.320000	-112.805312	-85.476531
1448.400000	-112.898136	-85.491355
1452.480000	-112.989930	-85.505774
1456.560000	-113.080697	-85.519787
1460.640000	-113.170443	-85.533395
1464.720000	-113.259172	-85.546598
1468.800000	-113.346889	-85.559395
1472.880000	-113.433324	-85.571512
1476.960000	-113.511210	-85.575679
1481.040000	-113.588493	-85.579835
1485.120000	-113.665177	-85.583981
1489.200000	-113.741267	-85.588116
1493.280000	-113.816766	-85.592242
1497.360000	-113.892108	-85.596785
1501.440000	-113.969473	-85.603923
1505.520000	-114.039429	-85.610968
1509.600000	-114.104917	-85.617918
1513.680000	-114.170547	-85.624775
1517.760000	-114.236320	-85.631539
1521.840000	-114.302239	-85.638208
1525.920000	-114.368304	-85.644784
1530.000000	-114.434518	-85.651266
1534.080000	-114.500880	-85.657655
1538.160000	-114.567394	-85.663949
1542.240000	-114.634059	-85.670151
1546.320000	-114.700879	-85.676258
1550.400000	-114.767854	-85.682272
1554.480000	-114.834985	-85.688192
1558.560000	-114.902275	-85.694018
1562.640000	-114.969725	-85.699751
1566.720000	-115.037336	-85.705390
1570.800000	-115.105110	-85.710935
1574.880000	-115.173049	-85.716387
1578.960000	-115.241154	-85.721745
1583.040000	-115.309427	-85.727009
1587.120000	-115.377868	-85.732180
1591.200000	-115.446481	-85.737257
1595.280000	-115.515266	-85.742240
1599.360000	-115.584226	-85.747129
1603.440000	-115.653361	-85.751925
1607.520000	-115.722674	-85.756627
1611.600000	-115.782626	-85.751035
1615.680000	-115.834331	-85.736641
1619.760000	-115.870121	-85.723193
1623.840000	-115.848104	-85.710691
1627.920000	-115.826270	-85.699136
1632.000000	-115.804637	-85.688528
1636.080000	-115.783222	-85.678866
1640.160000	-115.762045	-85.670150
1644.240000	-115.741122	-85.662381
1648.320000	-115.720469	-85.655558
1652.400000	-115.700104	-85.649682
1656.480000	-115.680043	-85.644753
1660.560000	-115.660301	-85.640770
1664.640000	-115.640894	-85.637733
1668.720000	-115.621837	-85.635643
1672.800000	-115.603144	-85.634499
1676.880000	-115.584830	-85.634302
1680.960000	-115.566909	-85.635051
1685.040000	-115.549395	-85.636747
1689.120000	-115.536335	-85.643424
1693.200000	-115.522931	-85.650270
1697.280000	-115.514682	-85.653492
1701.360000	-115.586778	-85.657178
1705.440000	-115.659634	-85.661327
1709.520000	-115.733253	-85.665939
1713.600000	-115.807637	-85.671014
1717.680000	-115.883678	-85.676553
1721.760000	-115.960732	-85.682555
1725.840000	-116.038556	-85.689021
1729.920000	-116.117153	-85.695950
1734.000000	-116.187987	-85.694805
1738.080000	-116.247273	-85.681799
1742.160000	-116.307845	-85.669764
1746.240000	-116.369705	-85.658702
1750.320000	-116.432854	-85.648611
1754.400000	-116.497294	-85.639491
1758.480000	-116.563027	-85.631344
1762.560000	-116.630054	-85.624168
1766.640000	-116.698378	-85.617963
1770.720000	-116.768000	-85.612731
1774.800000	-116.754465	-85.608470
1778.880000	-116.741767	-85.605181
1782.960000	-116.730149	-85.602863
1787.040000	-116.719622	-85.601517
1791.120000	-116.709867	-85.601143
1795.200000	-116.700885	-85.601740
1799.280000	-116.692680	-85.603309
1803.360000	-116.685254	-85.605850
1807.440000	-116.678611	-85.609362
1811.520000	-116.672752	-85.613847
1815.600000	-116.667680	-85.619302
1819.680000	-116.663398	-85.625730
1823.760000	-116.659909	-85.633129
1827.840000	-116.657214	-85.641499
1831.920000	-116.655443	-85.645267
1836.000000	-116.657278	-85.648304
1840.080000	-116.659450	-85.651806
1844.160000	-116.661962	-85.655773
1848.240000	-116.664861	-85.660204
1852.320000	-116.670952	-85.665101
1856.400000	-116.677437	-85.670462
1860.480000	-116.684317	-85.676289
1864.560000	-116.691591	-85.682580
1868.640000	-116.699258	-85.689336
1872.720000	-116.707318	-85.696557
1876.800000	-116.715770	-85.704243
1880.880000	-116.710256	-85.698035
1884.960000	-116.697946	-85.685105
1889.040000	-116.686495	-85.673109
1893.120000	-116.675905	-85.662047
1897.200000	-116.666173	-85.651919
1901.280000	-116.657301	-85.642725
1905.360000	-116.649286	-85.634465
1909.440000	-116.642129	-85.627140
1913.520000	-116.635830	-85.620749
1917.600000	-116.630387	-85.615292
1921.680000	-116.625800	-85.610769
1925.760000	-116.622068	-85.607180
1929.840000	-116.619192	-85.604526
1933.920000	-116.617170	-85.602805
1938.000000	-116.616068	-85.602019
1942.080000	-116.616118	-85.602167
1946.160000	-116.617097	-85.603249
1950.240000	-116.619006	-85.605265
1954.320000	-116.621845	-85.608216
1958.400000	-116.625614	-85.612100
1962.480000	-116.630312	-85.616919
1966.560000	-116.635940	-85.622672
1970.640000	-116.638389	-85.625250
1974.720000	-116.641998	-85.628993
1978.800000	-116.646834	-85.633967
1982.880000	-116.652896	-85.640172
1986.960000	-116.660184	-85.647607
1991.040000	-116.668699	-85.656274
1995.120000	-116.678441	-85.666172
1999.200000	-116.689408	-85.677301
2003.280000	-116.701602	-85.689660
2007.360000	-116.715023	-85.703251
2011.440000	-116.729670	-85.718072
2015.520000	-116.745543	-85.734125
2019.600000	-116.762643	-85.751408
2023.680000	-116.780969	-85.769923
2027.760000	-116.749799	-85.738945
2031.840000	-116.713867	-85.703211
2035.920000	-116.678171	-85.667717
2040.000000	-116.642709	-85.632462
2044.080000	-116.607482	-85.597446
2048.160000	-116.572490	-85.562670
2052.240000	-116.537733	-85.528133
2056.320000	-116.503210	-85.493835
2060.400000	-116.431370	-85.459777
2064.480000	-116.359521	-85.425959
2068.560000	-116.287961	-85.392379
2072.640000	-116.216664	-85.359039
2076.720000	-116.145630	-85.325939
2080.800000	-116.074860	-85.293078
2084.880000	-116.004354	-85.260456
2088.960000	-115.934115	-85.228073
2093.040000	-115.864141	-85.195931
2097.120000	-115.794436	-85.164027
2101.200000	-115.724998	-85.132363
2105.280000	-115.655739	-85.100848
2109.360000	-115.586887	-85.069710
2113.440000	-115.519444	-85.039950
2117.520000	-115.453410	-85.011568
2121.600000	-115.388786	-84.984563
2125.680000	-115.325573	-84.958936
2129.760000	-115.263772	-84.934688
2133.840000	-115.203383	-84.911817
2137.920000	-115.175148	-84.921065
2142.000000	-115.148513	-84.931877
2146.080000	-115.123032	-84.943807
2150.160000	-115.098705	-84.956855
2154.240000	-115.075532	-84.971019
2158.320000	-115.053515	-84.986301
2162.400000	-115.032654	-85.002700
2166.480000	-115.012949	-85.020216
2170.560000	-114.994400	-85.038850
2174.640000	-114.977010	-85.058600
2178.720000	-114.960777	-85.079468
2182.800000	-114.945703	-85.101454
2186.880000	-114.931788	-85.124556
2190.960000	-114.932587	-85.154990
2195.040000	-114.967253	-85.189623
2199.120000	-115.002594	-85.224932
2203.200000	-115.038608	-85.260914
2207.280000	-115.075297	-85.297570
2211.360000	-115.112660	-85.334901
2215.440000	-115.150698	-85.372906
2219.520000	-115.189409	-85.411585
2223.600000	-115.229276	-85.451420
2227.680000	-115.270934	-85.493046
2231.760000	-115.312662	-85.534742
2235.840000	-115.354461	-85.576508
2239.920000	-115.396329	-85.618344
2244.000000	-115.438267	-85.660250
2248.080000	-115.480276	-85.702227
2252.160000	-115.522355	-85.744273
2256.240000	-115.564503	-85.786390
2260.320000	-115.606722	-85.828577
2264.400000	-115.649011	-85.870833
2268.480000	-115.691370	-85.913160
2272.560000	-115.733799	-85.955557
2276.640000	-115.776298	-85.998025
2280.720000	-115.818868	-86.040562
2284.800000	-115.866558	-86.083169
2288.880000	-115.922762	-86.125847
2292.960000	-115.979040	-86.168595
2297.040000	-116.035393	-86.211412
2301.120000	-116.091820	-86.254300
2305.200000	-116.148322	-86.297258
2309.280000	-116.204899	-86.340286
2313.360000	-116.261550	-86.383384
2317.440000	-116.318276	-86.426553
2321.520000	-116.375076	-86.469791
2325.600000	-116.431950	-86.513100
2329.680000	-116.488899	-86.556478
2333.760000	-116.545923	-86.599927
2337.840000	-116.605431	-86.645857
2341.920000	-116.667194	-86.694036
2346.000000	-116.730176	-86.743431
2350.080000	-116.794377	-86.794042
2354.160000	-116.859897	-86.845867
2358.240000	-116.926669	-86.898908
2362.320000	-116.994656	-86.953165
2366.400000	-117.063856	-87.008637
2370.480000	-117.134271	-87.065324
2374.560000	-117.205899	-87.123227
2378.640000	-117.269242	-87.182346
2382.720000	-117.326041	-87.242679
2386.800000	-117.384056	-87.304229
2390.880000	-117.443287	-87.366993
2394.960000	-117.503734	-87.430974
2399.040000	-117.565398	-87.496169
2403.120000	-117.628278	-87.562580
2407.200000	-117.692375	-87.630207
2411.280000	-117.745329	-87.686691
2415.360000	-117.789680	-87.734571
2419.440000	-117.834381	-87.782800
2423.520000	-117.879432	-87.831378
2427.600000	-117.924834	-87.880307
2431.680000	-117.970586	-87.929585
2435.760000	-118.016689	-87.979212
2439.840000	-118.063142	-88.029190
2443.920000	-118.109945	-88.079517
2448.000000	-118.156822	-88.129917
2452.080000	-118.201250	-88.177867
2456.160000	-118.246786	-88.226924
2460.240000	-118.293429	-88.277087
2464.320000	-118.341179	-88.328358
2468.400000	-118.390037	-88.380734
2472.480000	-118.440003	-88.434218
2476.560000	-118.491076	-88.488808
2480.640000	-118.543256	-88.544505
2484.720000	-118.596544	-88.601309
2488.800000	-118.650939	-88.659219
2492.880000	-118.706441	-88.718237
2496.960000	-118.763052	-88.778360
2501.040000	-118.820769	-88.839591
2505.120000	-118.879594	-88.901928
2509.200000	-118.939527	-88.965372
2513.280000	-119.000567	-89.029923
2517.360000	-119.062715	-89.095581
2521.440000	-119.125970	-89.162345
2525.520000	-119.190333	-89.230216
2529.600000	-119.255803	-89.299194
2533.680000	-119.322357	-89.369278
2537.760000	-119.390017	-89.440470
2541.840000	-119.458785	-89.512768
2545.920000	-119.528660	-89.586173
2550.000000	-119.599643	-89.660684
2554.080000	-119.671734	-89.736303
2558.160000	-119.744932	-89.813028
2562.240000	-119.815342	-89.886964
2566.320000	-119.883301	-89.958449
2570.400000	-119.952945	-90.031618
2574.480000	-120.024274	-90.106470
2578.560000	-120.097288	-90.183008
2582.640000	-120.171987	-90.261229
2586.720000	-120.242130	-90.341134
2590.800000	-120.313753	-90.422724
2594.880000	-120.387064	-90.505998
2598.960000	-120.462065	-90.590956
2603.040000	-120.538755	-90.677598
2607.120000	-120.617135	-90.765924
2611.200000	-120.697204	-90.855935
2615.280000	-120.778962	-90.947630
2619.360000	-120.801039	-91.041009
2623.440000	-120.803076	-91.136072
2627.520000	-120.807351	-91.232820
2631.600000	-120.799749	-91.317141
2635.680000	-120.780201	-91.388972
2639.760000	-120.761207	-91.460817
2643.840000	-120.742761	-91.532674
2647.920000	-120.724860	-91.604545
2652.000000	-120.708673	-91.676430
2656.080000	-120.728061	-91.748327
2660.160000	-120.754979	-91.820238
2664.240000	-120.781997	-91.892163
2668.320000	-120.809117	-91.964100
2672.400000	-120.836337	-92.036051
2676.480000	-120.845880	-92.090235
2680.560000	-120.854163	-92.143071
2684.640000	-120.863046	-92.196418
2688.720000	-120.872529	-92.250275
2692.800000	-120.882612	-92.304643
2696.880000	-120.893296	-92.359522
2700.960000	-120.904582	-92.414912
2705.040000	-120.916468	-92.470813
2709.120000	-120.928956	-92.527224
2713.200000	-120.942046	-92.584147
2717.280000	-120.965637	-92.641580
2721.360000	-120.994515	-92.699524
2725.440000	-121.031698	-92.757979
2729.520000	-121.076389	-92.816944
2733.600000	-121.121604	-92.876421
2737.680000	-121.167345	-92.936408
2741.760000	-121.213611	-92.996906
2745.840000	-121.260402	-93.057915
2749.920000	-121.307718	-93.119435
2754.000000	-121.355559	-93.181466
2758.080000	-121.403924	-93.244007
2762.160000	-121.452815	-93.307059
2766.240000	-121.502230	-93.370623
2770.320000	-121.552171	-93.434697
2774.400000	-121.608003	-93.504649
2778.480000	-121.670158	-93.580910
2782.560000	-121.732714	-93.657557
2786.640000	-121.791575	-93.730496
2790.720000	-121.847231	-93.800215
2794.800000	-121.903877	-93.870911
2798.880000	-121.961513	-93.942583
2802.960000	-122.020138	-94.015231
2807.040000	-122.079754	-94.088855
2811.120000	-122.140360	-94.163455
2815.200000	-122.201956	-94.239032
2819.280000	-122.264542	-94.315585
2823.360000	-122.328118	-94.393114
2827.440000	-122.392684	-94.471619
2831.520000	-122.458240	-94.551101
2835.600000	-122.524786	-94.631559
2839.680000	-122.592322	-94.712993
2843.760000	-122.660847	-94.795403
2847.840000	-122.730363	-94.878789
2851.920000	-122.800869	-94.963152
2856.000000	-122.872364	-95.048491
2860.080000	-122.944849	-95.134807
2864.160000	-123.018324	-95.222098
2868.240000	-123.093086	-95.310366
2872.320000	-123.171036	-95.399611
2876.400000	-123.249969	-95.489831
2880.480000	-123.329886	-95.581029
2884.560000	-123.398241	-95.660656
2888.640000	-123.464034	-95.737714
2892.720000	-123.520672	-95.805609
2896.800000	-123.569579	-95.865766
2900.880000	-123.618795	-95.926224
2904.960000	-123.666834	-95.986984
2909.040000	-123.715069	-96.048044
2913.120000	-123.763593	-96.109406
2917.200000	-123.812405	-96.171069
2921.280000	-123.861507	-96.233033
2925.360000	-123.910897	-96.295298
2929.440000	-123.960576	-96.357864
2933.520000	-124.010544	-96.420732
2937.600000	-124.060801	-96.483901
2941.680000	-124.111347	-96.547370
2945.760000	-124.162181	-96.611142
2949.840000	-124.213305	-96.675214
2953.920000	-124.264717	-96.739587
2958.000000	-124.316417	-96.804262
2962.080000	-124.368407	-96.869238
2966.160000	-124.420685	-96.934515
2970.240000	-124.473253	-97.000093
2974.320000	-124.526108	-97.065972
2978.400000	-124.579253	-97.132153
2982.480000	-124.632687	-97.198635
2986.560000	-124.686409	-97.265418
2990.640000	-124.740419	-97.332502
2994.720000	-124.794719	-97.399888
2998.800000	-124.800641	-97.458416
3002.880000	-124.790721	-97.510686
3006.960000	-124.781798	-97.563697
3011.040000	-124.773871	-97.617449
3015.120000	-124.766937	-97.671943
3019.200000	-124.760997	-97.727178
3023.280000	-124.756048	-97.783156
3027.360000	-124.752090	-97.839874
3031.440000	-124.749121	-97.897334
3035.520000	-124.747140	-97.955536
3039.600000	-124.746146	-98.014479
3043.680000	-124.754309	-98.074164
3047.760000	-124.806941	-98.134590
3051.840000	-124.860300	-98.195758
3055.920000	-124.914385	-98.257668
3060.000000	-124.969196	-98.320319
3064.080000	-125.024733	-98.383712
3068.160000	-125.080997	-98.447846
3072.240000	-125.137988	-98.512722
3076.320000	-125.195705	-98.578340
3080.400000	-125.254149	-98.644699
3084.480000	-125.313321	-98.711800
3088.560000	-125.373219	-98.779642
3092.640000	-125.433845	-98.848226
3096.720000	-125.495198	-98.917552
3100.800000	-125.557278	-98.987620
3104.880000	-125.606296	-99.044638
3108.960000	-125.646836	-99.093193
3113.040000	-125.688029	-99.142415
3117.120000	-125.729873	-99.192302
3121.200000	-125.772371	-99.242855
3125.280000	-125.815520	-99.294074
3129.360000	-125.859322	-99.345958
3133.440000	-125.911369	-99.398509
3137.520000	-125.969872	-99.451726
3141.600000	-126.026347	-99.505608
3145.680000	-126.088576	-99.560157
3149.760000	-126.160545	-99.615371
3153.840000	-126.231272	-99.671252
3157.920000	-126.300813	-99.727798
3162.000000	-126.369226	-99.785010
3166.080000	-126.436567	-99.842889
3170.160000	-126.502887	-99.901433
3174.240000	-126.564670	-99.960643
3178.320000	-126.567905	-100.020519
3182.400000	-126.571336	-100.081061
3186.480000	-126.574992	-100.142269
3190.560000	-126.578780	-100.204026
3194.640000	-126.570144	-100.253749
3198.720000	-126.561701	-100.304031
3202.800000	-126.553474	-100.354872
3206.880000	-126.545486	-100.406272
3210.960000	-126.545935	-100.466408
3215.040000	-126.551244	-100.531683
3219.120000	-126.556605	-100.597267
3223.200000	-126.562036	-100.663161
3227.280000	-126.567555	-100.729364
3231.360000	-126.573181	-100.795877
3235.440000	-126.578930	-100.862698
3239.520000	-126.584819	-100.929830
3243.600000	-126.590863	-100.997270
3247.680000	-126.597078	-101.065020
3251.760000	-126.653730	-101.133079
3255.840000	-126.747488	-101.201448
3259.920000	-126.840892	-101.270126
3264.000000	-126.933950	-101.339113
3268.080000	-127.026674	-101.408410
3272.160000	-127.112309	-101.478016
3276.240000	-127.197352	-101.547931
3280.320000	-127.281971	-101.618156
3284.400000	-127.366179	-101.688690
3288.480000	-127.449990	-101.759534
3292.560000	-127.533417	-101.830687
3296.640000	-127.561364	-101.902149
3300.720000	-127.561726	-101.973921
3304.800000	-127.562640	-102.046002
3308.880000	-127.564109	-102.118393
3312.960000	-127.566346	-102.191093
3317.040000	-127.564623	-102.258666
3321.120000	-127.557578	-102.323525
3325.200000	-127.548185	-102.388440
3329.280000	-127.536636	-102.453411
3333.360000	-127.604159	-102.518439
3337.440000	-127.696730	-102.583523
3341.520000	-127.788716	-102.648663
3345.600000	-127.880128	-102.713860
3349.680000	-127.970974	-102.779113
3353.760000	-128.061263	-102.844422
3357.840000	-128.151003	-102.909788
3361.920000	-128.245111	-102.975210
3366.000000	-128.339319	-103.040688
3370.080000	-128.433499	-103.106223
3374.160000	-128.527650	-103.171814
3378.240000	-128.621772	-103.237461
3382.320000	-128.715867	-103.303164
3386.400000	-128.809934	-103.368924
3390.480000	-128.903973	-103.434741
3394.560000	-128.997985	-103.500613
3398.640000	-129.091970	-103.566542
3402.720000	-129.185927	-103.632527
3406.800000	-129.279859	-103.698569
3410.880000	-129.373764	-103.764667
3414.960000	-129.471277	-103.830821
3419.040000	-129.574227	-103.897031
3423.120000	-129.679156	-103.965225
3427.200000	-129.785305	-104.034643
3431.280000	-129.891842	-104.104454
3435.360000	-129.998768	-104.174658
3439.440000	-130.106081	-104.245254
3443.520000	-130.221128	-104.316242
3447.600000	-130.341236	-104.387623
3451.680000	-130.461863	-104.459396
3455.760000	-130.583008	-104.531562
3459.840000	-130.704671	-104.604121
3463.920000	-130.826852	-104.677072
3468.000000	-130.949550	-104.750415
3472.080000	-131.072764	-104.824151
3476.160000	-131.196494	-104.898280
3480.240000	-131.320741	-104.972801
3484.320000	-131.445503	-105.047715
3488.400000	-131.570779	-105.123021
3492.480000	-131.855266	-105.198720
3496.560000	-132.160907	-105.274811
3500.640000	-132.466509	-105.348446
3504.720000	-132.766131	-105.413758
3508.800000	-132.984226	-105.479226
3512.880000	-133.141917	-105.544849
3516.960000	-133.300084	-105.610628
3521.040000	-133.458718	-105.676562
3525.120000	-133.617812	-105.742651
3529.200000	-133.790586	-105.822124
3533.280000	-133.968840	-105.906789
3537.360000	-134.147100	-105.991181
3541.440000	-134.325357	-106.075299
3545.520000	-134.503600	-106.159146
3549.600000	-134.609982	-106.242719
3553.680000	-134.687052	-106.326019
3557.760000	-134.763259	-106.409047
3561.840000	-134.838615	-106.491802
3565.920000	-134.913193	-106.574284
3570.000000	-134.987128	-106.656493
3574.080000	-135.060298	-106.738430
3578.160000	-135.132712	-106.820093
3582.240000	-135.204380	-106.901484
3586.320000	-135.275311	-106.982602
3590.400000	-135.345516	-107.063447
3594.480000	-135.415002	-107.144019
3598.560000	-135.483781	-107.224319
3602.640000	-135.551860	-107.304345
3606.720000	-135.619249	-107.384099
3610.800000	-135.685956	-107.463580
3614.880000	-135.751989	-107.542788
3618.960000	-135.822590	-107.621723
3623.040000	-135.896982	-107.700385
3627.120000	-135.971102	-107.778775
3631.200000	-136.044947	-107.856891
3635.280000	-136.119445	-107.935660
3639.360000	-136.194101	-108.014588
3643.440000	-136.268595	-108.093354
3647.520000	-136.342925	-108.171957
3651.600000	-136.417093	-108.250398
3655.680000	-136.491098	-108.328677
3659.760000	-136.564939	-108.406793
3663.840000	-136.638618	-108.484747
3667.920000	-136.712134	-108.562538
3672.000000	-136.785487	-108.640167
3676.080000	-136.858678	-108.717633
3680.160000	-136.931705	-108.794937
3684.240000	-137.003599	-108.872079
3688.320000	-137.071469	-108.949058
3692.400000	-137.139177	-109.025875
3696.480000	-137.206725	-109.102529
3700.560000	-137.274112	-109.179021
3704.640000	-137.341337	-109.255350
3708.720000	-137.415935	-109.331517
3712.800000	-137.492650	-109.407522
3716.880000	-137.568910	-109.483364
3720.960000	-137.644711	-109.559043
3725.040000	-137.720049	-109.634561
3729.120000	-137.794919	-109.709915
3733.200000	-137.869318	-109.785108
3737.280000	-137.943241	-109.860138
3741.360000	-138.016333	-109.934654
3745.440000	-138.089362	-110.009431
3749.520000	-138.162512	-110.084655
3753.600000	-138.235779	-110.160328
3757.680000	-138.309158	-110.236449
3761.760000	-138.382645	-110.313018
3765.840000	-138.456235	-110.390035
3769.920000	-138.529922	-110.467501
3774.000000	-138.603702	-110.545414
3778.080000	-138.677570	-110.623777
3782.160000	-138.754463	-110.702587
3786.240000	-138.831368	-110.781845
3790.320000	-138.905362	-110.861552
3794.400000	-138.976292	-110.941707
3798.480000	-139.043994	-111.022311
3802.560000	-139.052747	-111.103362
3806.640000	-138.972206	-111.184862
3810.720000	-138.869893	-111.270083
3814.800000	-138.742787	-111.358293
3818.880000	-138.585512	-111.446628
3822.960000	-138.395306	-111.535090
3827.040000	-139.147165	-111.623677
3831.120000	-139.476350	-111.712390
3835.200000	-139.188359	-111.801229
3839.280000	-139.033874	-111.890193
3843.360000	-138.840524	-111.979283
3847.440000	-138.728383	-112.069196
3851.520000	-138.888919	-112.159995
3855.600000	-139.047199	-112.251548
3859.680000	-139.203308	-112.343854
3863.760000	-139.357327	-112.436915
3867.840000	-139.509335	-112.530730
3871.920000	-139.648549	-112.625298
3876.000000	-139.767743	-112.720621
3880.080000	-139.885332	-112.816697
3884.160000	-140.002214	-112.913528
3888.240000	-140.118425	-113.011112
3892.320000	-140.234002	-113.109450
3896.400000	-140.348979	-113.208543
3900.480000	-140.463389	-113.308389
3904.560000	-140.577264	-113.408990
3908.640000	-140.690638	-113.510344
3912.720000	-140.838005	-113.612453
3916.800000	-140.989968	-113.715315
3920.880000	-141.135823	-113.818932
3924.960000	-141.275933	-113.923302
3929.040000	-141.410639	-114.028427
3933.120000	-141.540265	-114.134306
3937.200000	-141.665118	-114.240939
3941.280000	-141.785487	-114.348325
3945.360000	-141.901646	-114.456466
3949.440000	-142.013855	-114.565361
3953.520000	-142.111179	-114.661260
3957.600000	-142.200329	-114.754081
3961.680000	-142.284265	-114.847390
3965.760000	-142.363339	-114.941186
3969.840000	-142.438840	-115.036431
3973.920000	-142.510010	-115.132058
3978.000000	-142.576961	-115.227887
3982.080000	-142.639965	-115.323917
3986.160000	-142.712275	-115.420151
3990.240000	-142.792730	-115.516586
3994.320000	-142.873185	-115.613223
3998.400000	-142.953640	-115.710062
4002.480000	-143.024006	-115.807104
4006.560000	-143.094036	-115.904348
4010.640000	-143.164156	-116.001793
4014.720000	-143.234365	-116.099441
4018.800000	-143.299908	-116.197292
4022.880000	-143.306466	-116.295344
4026.960000	-143.296728	-116.393598
4031.040000	-143.272952	-116.492055
4035.120000	-143.237118	-116.590714
4039.200000	-143.190959	-116.689575
4043.280000	-143.135998	-116.788638
4047.360000	-143.073574	-116.887904
4051.440000	-143.010247	-116.987372
4055.520000	-142.941548	-117.068258
4059.600000	-142.870704	-117.145380
4063.680000	-142.801319	-117.222366
4067.760000	-142.733368	-117.299217
4071.840000	-142.666830	-117.375932
4075.920000	-142.611760	-117.452511
4080.000000	-142.643345	-117.528955
4084.080000	-142.674853	-117.605263
4088.160000	-142.706284	-117.681436
4092.240000	-142.735009	-117.757473
4096.320000	-142.759707	-117.833374
4100.400000	-142.784244	-117.909139
4104.480000	-142.808625	-117.984769
4108.560000	-142.832857	-118.060263
4112.640000	-142.856945	-118.135621
4116.720000	-142.880895	-118.210844
4120.800000	-142.904712	-118.285931
4124.880000	-142.928400	-118.360882
4128.960000	-142.946253	-118.435697
4133.040000	-142.961608	-118.510377
4137.120000	-142.976154	-118.584921
4141.200000	-142.989932	-118.659329
4145.280000	-143.002987	-118.733602
4149.360000	-143.015357	-118.807739
4153.440000	-143.025902	-118.880562
4157.520000	-143.018662	-118.936073
4161.600000	-143.011080	-118.991683
4165.680000	-143.003190	-119.047391
4169.760000	-142.995024	-119.103197
4173.840000	-142.987940	-119.159101
4177.920000	-143.129471	-119.215104
4182.000000	-143.434237	-119.271205
4186.080000	-143.741575	-119.327405
4190.160000	-144.051254	-119.383702
4194.240000	-144.362993	-119.440098
4198.320000	-144.676464	-119.496593
4202.400000	-144.927732	-119.553186
4206.480000	-145.018301	-119.609877
4210.560000	-145.108020	-119.666666
4214.640000	-145.197355	-119.723554
4218.720000	-145.286824	-119.780540
4222.800000	-145.376428	-119.837624
4226.880000	-145.466167	-119.894807
4230.960000	-145.556039	-119.952088
4235.040000	-145.646044	-120.009467
4239.120000	-145.736181	-120.066945
4243.200000	-145.478895	-120.124521
4247.280000	-144.813249	-120.182195
4251.360000	-145.022726	-120.239968
4255.440000	-145.233918	-120.298391
4259.520000	-145.447528	-120.358197
4263.600000	-145.662126	-120.417994
4267.680000	-145.877674	-120.477781
4271.760000	-146.197172	-120.537557
4275.840000	-146.561951	-120.597325
4279.920000	-146.802471	-120.657082
4284.000000	-147.243810	-120.716829
4288.080000	-147.652792	-120.776567
4292.160000	-148.031678	-120.836295
4296.240000	-148.382556	-120.896013
4300.320000	-148.707351	-120.955721
4304.400000	-148.975304	-121.015420
4308.480000	-149.020852	-121.075109
4312.560000	-149.066405	-121.134787
4316.640000	-149.111962	-121.194457
4320.720000	-149.157524	-121.254116
4324.800000	-149.203089	-121.313765
4328.880000	-149.248660	-121.373405
4332.960000	-149.294234	-121.433035
4337.040000	-149.339813	-121.492655
4341.120000	-149.385396	-121.552265
4345.200000	-149.430984	-121.611866
4349.280000	-149.478954	-121.673835
4353.360000	-149.530390	-121.739257
4357.440000	-149.613987	-121.836824
4361.520000	-149.727672	-121.964466
4365.600000	-149.841283	-122.092020
4369.680000	-149.954823	-122.219489
4373.760000	-150.068289	-122.346871
4377.840000	-150.181684	-122.474166
4381.920000	-150.295005	-122.601375
4386.000000	-150.408254	-122.728497
4390.080000	-150.521430	-122.855533
4394.160000	-150.634534	-122.982482
4398.240000	-150.747564	-123.109345
4402.320000	-150.860522	-123.236121
4406.400000	-150.973408	-123.362811
4410.480000	-151.086220	-123.489414
4414.560000	-151.198960	-123.615931
4418.640000	-151.311627	-123.742361
4422.720000	-151.424221	-123.868704
4426.800000	-151.536742	-123.994961
4430.880000	-151.648749	-124.121132
4434.960000	-151.757915	-124.247216
4439.040000	-151.866934	-124.373213
4443.120000	-151.975806	-124.499124
4447.200000	-152.084532	-124.624948
4451.280000	-152.193109	-124.750686
4455.360000	-152.298574	-124.873372
4459.440000	-152.449155	-125.041235
4463.520000	-152.615444	-125.224867
4467.600000	-152.781472	-125.408299
4471.680000	-152.947236	-125.591530
4475.760000	-153.112738	-125.774561
4479.840000	-153.311420	-125.957391
4483.920000	-153.517773	-126.140020
4488.000000	-153.722254	-126.322448
4492.080000	-153.926559	-126.504675
4496.160000	-154.130686	-126.686702
4500.240000	-154.334637	-126.868528
4504.320000	-154.538410	-127.050153
4508.400000	-154.742006	-127.231578
4512.480000	-154.945424	-127.412801
4516.560000	-155.148666	-127.593824
4520.640000	-155.351729	-127.774645
4524.720000	-155.554616	-127.955266
4528.800000	-155.757324	-128.135686
4532.880000	-155.959856	-128.315905
4536.960000	-156.154880	-128.495922
4541.040000	-156.323501	-128.675739
4545.120000	-156.491923	-128.855355
4549.200000	-156.662171	-129.034770
4553.280000	-156.844289	-129.213984
4557.360000	-157.030079	-129.398674
4561.440000	-157.246081	-129.615386
4565.520000	-157.460776	-129.831897
4569.600000	-157.672652	-130.048208
4573.680000	-157.881601	-130.264319
4577.760000	-158.087510	-130.480230
4581.840000	-158.290264	-130.695941
4585.920000	-158.489740	-130.911451
4590.000000	-158.696157	-131.126762
4594.080000	-158.903205	-131.341872
4598.160000	-159.109667	-131.556781
4602.240000	-159.315548	-131.771491
4606.320000	-159.520856	-131.986000
4610.400000	-159.725556	-132.200308
4614.480000	-159.929722	-132.414417
4618.560000	-160.133504	-132.628324
4622.640000	-160.336904	-132.842032
4626.720000	-160.539925	-133.055539
4630.800000	-160.742571	-133.268846
4634.880000	-160.944842	-133.481952
4638.960000	-161.102988	-133.694858
4643.040000	-161.223935	-133.907563
4647.120000	-161.344374	-134.120068
4651.200000	-161.460328	-134.332372
4655.280000	-161.567745	-134.544475
4659.360000	-161.651708	-134.737565
4663.440000	-161.716426	-134.915381
4667.520000	-161.777507	-135.093098
4671.600000	-161.835344	-135.270717
4675.680000	-161.890298	-135.448239
4679.760000	-161.956918	-135.625663
4683.840000	-162.029897	-135.802989
4687.920000	-162.102764	-135.980218
4692.000000	-162.175560	-136.157348
4696.080000	-162.248320	-136.334381
4700.160000	-162.321079	-136.511316
4704.240000	-162.393870	-136.688154
4708.320000	-162.466724	-136.864893
4712.400000	-162.507119	-137.041535
4716.480000	-161.750752	-137.218078
4720.560000	-161.200249	-137.394524
4724.640000	-161.294804	-137.570872
4728.720000	-161.389695	-137.747122
4732.800000	-161.484922	-137.923274
4736.880000	-161.580484	-138.099329
4740.960000	-161.676379	-138.275285
4745.040000	-161.772607	-138.451143
4749.120000	-161.869167	-138.626904
4753.200000	-161.966058	-138.802566
4757.280000	-162.063278	-138.978131
4761.360000	-162.106863	-139.099635
4765.440000	-162.148473	-139.218739
4769.520000	-162.190518	-139.337854
4773.600000	-162.232997	-139.456982
4777.680000	-162.275908	-139.576122
4781.760000	-162.319251	-139.695274
4785.840000	-162.363022	-139.814438
4789.920000	-162.407221	-139.933614
4794.000000	-162.451846	-140.052803
4798.080000	-162.496894	-140.172003
4802.160000	-162.542365	-140.291216
4806.240000	-162.588256	-140.410440
4810.320000	-162.634565	-140.529677
4814.400000	-162.681291	-140.648926
4818.480000	-162.736037	-140.768187
4822.560000	-162.793728	-140.887460
4826.640000	-162.878705	-141.006746
4830.720000	-162.966925	-141.126043
4834.800000	-163.055246	-141.245353
4838.880000	-163.143667	-141.364674
4842.960000	-163.232187	-141.484008
4847.040000	-163.320806	-141.603354
4851.120000	-163.409524	-141.722712
4855.200000	-163.498340	-141.842082
4859.280000	-163.591943	-141.966154
4863.360000	-163.694136	-142.098729
4867.440000	-163.796655	-142.231546
4871.520000	-163.899500	-142.364604
4875.600000	-164.002671	-142.497904
4879.680000	-164.106167	-142.631445
4883.760000	-164.209989	-142.765227
4887.840000	-164.314135	-142.899252
4891.920000	-164.439331	-143.033517
4896.000000	-164.630387	-143.168025
4900.080000	-164.821917	-143.302773
4904.160000	-165.013922	-143.437764
4908.240000	-165.206401	-143.572996
4912.320000	-165.399356	-143.708470
4916.400000	-165.592785	-143.844186
4920.480000	-165.781940	-143.980143
4924.560000	-165.965861	-144.116342
4928.640000	-166.150229	-144.252783
4932.720000	-166.335046	-144.389465
4936.800000	-166.520315	-144.526390
4940.880000	-166.706035	-144.663556
4944.960000	-166.892208	-144.800964
4949.040000	-167.078836	-144.938614
4953.120000	-167.265921	-145.076506
4957.200000	-167.453463	-145.214640
4961.280000	-167.665890	-145.377443
4965.360000	-167.886193	-145.547902
4969.440000	-168.106719	-145.718365
4973.520000	-168.327470	-145.888832
4977.600000	-168.548448	-146.059302
4981.680000	-168.769653	-146.229777
4985.760000	-168.991089	-146.400256
4989.840000	-169.205225	-146.570738
4993.920000	-169.385789	-146.741224
4998.000000	-169.566348	-146.911714
5002.080000	-169.746902	-147.082209
5006.160000	-169.927451	-147.252707
5010.240000	-170.107995	-147.423209
5014.320000	-170.288535	-147.593714
5018.400000	-170.469069	-147.764224
5022.480000	-170.649598	-147.934738
5026.560000	-170.830121	-148.105255
5030.640000	-171.010639	-148.275777
5034.720000	-171.191151	-148.446302
5038.800000	-171.371657	-148.616831
5042.880000	-171.552157	-148.787364
5046.960000	-171.732651	-148.957901
5051.040000	-171.913139	-149.128442
5055.120000	-172.093621	-149.298987
5059.200000	-172.284580	-149.480020
5063.280000	-172.529209	-149.714733
5067.360000	-172.773632	-149.949592
5071.440000	-173.012853	-150.184596
5075.520000	-173.252221	-150.419746
5079.600000	-173.491737	-150.655041
5083.680000	-173.731399	-150.890482
5087.760000	-173.971209	-151.126068
5091.840000	-174.211166	-151.361800
5095.920000	-174.451270	-151.597678
5100.000000	-174.683710	-151.833702
5104.080000	-174.733643	-152.069871
5108.160000	-174.786383	-152.306185
5112.240000	-174.841886	-152.542646
5116.320000	-174.900113	-152.779252
5120.400000	-174.961020	-153.016004
5124.480000	-175.024567	-153.252902
5128.560000	-175.090711	-153.489945
5132.640000	-175.159412	-153.727134
5136.720000	-175.161956	-153.964469
5140.800000	-175.070955	-154.201950
5144.880000	-174.989326	-154.439576
5148.960000	-174.916742	-154.677349
5153.040000	-174.852888	-154.915267
5157.120000	-174.797455	-155.153331
5161.200000	-175.012740	-155.446804
5165.280000	-175.305147	-155.780881
5169.360000	-175.596526	-156.113767
5173.440000	-175.888012	-156.446596
5177.520000	-176.179604	-156.779367
5181.600000	-176.471301	-157.112080
5185.680000	-176.763103	-157.444736
5189.760000	-177.050751	-157.777335
5193.840000	-177.355820	-158.109876
5197.920000	-177.660918	-158.442360
5202.000000	-177.966043	-158.774786
5206.080000	-178.277681	-159.107155
5210.160000	-178.708897	-159.439467
5214.240000	-179.085059	-159.771721
5218.320000	-179.460140	-160.103918
5222.400000	-179.834643	-160.436058
5226.480000	-180.208341	-160.768140
5230.560000	-180.580750	-161.100165
5234.640000	-180.951793	-161.432133
5238.720000	-181.321388	-161.764043
5242.800000	-181.689448	-162.095896
5246.880000	-182.055881	-162.427692
5250.960000	-182.420591	-162.759430
5255.040000	-182.783476	-163.091111
5259.120000	-183.144429	-163.422735
5263.200000	-183.376315	-163.755309
5267.280000	-183.503017	-164.088061
5271.360000	-183.772813	-164.420976
5275.440000	-184.088661	-164.754052
5279.520000	-184.404698	-165.087289
5283.600000	-184.720926	-165.420688
5287.680000	-185.037343	-165.754249
5291.760000	-185.353950	-166.087971
5295.840000	-185.670747	-166.421855
5299.920000	-185.987733	-166.755900
5304.000000	-186.304909	-167.090106
5308.080000	-186.622274	-167.424474
5312.160000	-186.939829	-167.759004
5316.240000	-187.257572	-168.093695
5320.320000	-187.575505	-168.428547
5324.400000	-187.893627	-168.763560
5328.480000	-188.211938	-169.098735
5332.560000	-188.530438	-169.434071
5336.640000	-188.859139	-169.769568
5340.720000	-189.202067	-170.105227
5344.800000	-189.544801	-170.441046
5348.880000	-189.711101	-170.777027
5352.960000	-189.820329	-171.113169
5357.040000	-189.684491	-171.449473
5361.120000	-189.072483	-171.763769
5365.200000	-188.908837	-172.044641
5369.280000	-189.077546	-172.325684
5373.360000	-188.344420	-172.606898
5377.440000	-188.607411	-172.888283
5381.520000	-188.870616	-173.169838
5385.600000	-189.134034	-173.451565
5389.680000	-189.397664	-173.733462
5393.760000	-189.661508	-174.015531
5397.840000	-189.927534	-174.297770
5401.920000	-190.199637	-174.580179
5406.000000	-190.471915	-174.862760
5410.080000	-190.744368	-175.145511
5414.160000	-191.016996	-175.428433
5418.240000	-191.289798	-175.711526
5422.320000	-191.562775	-175.994789
5426.400000	-191.835927	-176.278223
5430.480000	-192.109253	-176.561827
5434.560000	-192.382754	-176.845602
5438.640000	-192.656430	-177.129548
5442.720000	-192.930280	-177.413664
5446.800000	-193.204304	-177.697950
5450.880000	-193.478503	-177.982408
5454.960000	-193.711437	-178.267035
5459.040000	-194.013335	-178.551833
5463.120000	-194.388353	-178.798515
5467.200000	-194.788616	-179.036405
5471.280000	-195.214451	-179.274237
5475.360000	-195.644631	-179.512011
5479.440000	-196.079306	-179.749727
5483.520000	-196.518633	-179.987385
5487.600000	-196.962772	-180.224986
5491.680000	-197.411894	-180.462529
5495.760000	-197.568040	-180.700014
5499.840000	-198.097973	-180.937441
5503.920000	-198.423601	-181.174810
5508.000000	-198.382287	-181.412121
5512.080000	-198.805974	-181.649375
5516.160000	-199.556631	-181.886570
5520.240000	-200.319808	-182.123708
5524.320000	-200.915743	-182.360789
5528.400000	-201.202285	-182.597811
5532.480000	-201.489970	-182.834776
5536.560000	-201.777792	-183.071683
5540.640000	-201.873567	-183.308532
5544.720000	-202.164876	-183.545323
5548.800000	-202.499208	-183.782057
5552.880000	-203.029828	-184.018733
5556.960000	-203.398474	-184.255351
5561.040000	-203.690704	-184.498571
5565.120000	-204.005370	-184.763993
5569.200000	-204.320128	-185.029270
5573.280000	-204.634979	-185.294403
5577.360000	-204.949926	-185.559392
5581.440000	-205.264968	-185.824237
5585.520000	-205.580109	-186.088938
5589.600000	-205.895349	-186.353495
5593.680000	-206.210691	-186.617907
5597.760000	-206.526135	-186.882176
5601.840000	-206.841683	-187.146300
5605.920000	-207.157337	-187.410281
5610.000000	-207.473098	-187.674117
5614.080000	-207.788969	-187.937810
5618.160000	-208.104949	-188.201359
5622.240000	-208.421043	-188.464763
5626.320000	-208.737250	-188.728024
5630.400000	-209.133145	-188.991141
5634.480000	-209.611995	-189.254114
5638.560000	-210.094999	-189.516943
5642.640000	-210.582266	-189.779628
5646.720000	-211.073906	-190.042169
5650.800000	-211.570031	-190.304567
5654.880000	-212.156468	-190.566821
5658.960000	-212.572258	-190.828931
5663.040000	-213.241192	-191.101962
5667.120000	-214.271719	-191.380654
5671.200000	-214.995264	-191.661704
5675.280000	-215.319503	-191.943691
5679.360000	-215.640912	-192.226552
5683.440000	-215.962151	-192.510289
5687.520000	-216.284257	-192.794901
5691.600000	-216.607227	-193.080389
5695.680000	-216.931059	-193.366752
5699.760000	-217.208987	-193.653990
5703.840000	-217.471873	-193.942104
5707.920000	-217.734203	-194.231094
5712.000000	-217.996041	-194.520959
5716.080000	-218.257448	-194.811701
5720.160000	-218.518482	-195.103318
5724.240000	-218.779199	-195.395811
5728.320000	-219.039154	-195.689179
5732.400000	-219.293961	-195.983424
5736.480000	-219.562206	-196.278545
5740.560000	-219.866569	-196.574542
5744.640000	-220.060714	-196.871416
5748.720000	-220.179734	-197.169165
5752.800000	-220.301121	-197.467791
5756.880000	-220.424936	-197.767294
5760.960000	-220.556068	-198.072512
5765.040000	-220.859537	-198.548422
5769.120000	-221.165425	-199.025074
5773.200000	-221.473763	-199.502465
5777.280000	-221.800304	-199.980597
5781.360000	-222.135416	-200.459469
5785.440000	-222.505445	-200.939081
5789.520000	-222.972503	-201.419435
5793.600000	-223.440317	-201.900528
5797.680000	-223.908888	-202.382363
5801.760000	-224.378215	-202.864938
5805.840000	-224.848300	-203.348253
5809.920000	-225.319141	-203.832310
5814.000000	-225.790739	-204.317107
5818.080000	-226.263093	-204.802645
5822.160000	-226.736205	-205.288924
5826.240000	-227.210073	-205.775944
5830.320000	-227.684698	-206.263706
5834.400000	-228.165177	-206.752208
5838.480000	-228.650839	-207.241451
5842.560000	-229.137208	-207.731436
5846.640000	-229.624284	-208.222162
5850.720000	-230.112067	-208.713629
5854.800000	-230.600556	-209.205837
5858.880000	-231.133918	-209.698787
5862.960000	-231.774763	-210.207222
5867.040000	-232.438551	-210.737174
5871.120000	-233.103495	-211.266843
5875.200000	-233.769610	-211.796228
5879.280000	-234.436909	-212.325329
5883.360000	-235.105409	-212.854146
5887.440000	-235.775122	-213.382678
5891.520000	-236.446062	-213.910927
5895.600000	-237.118243	-214.438892
5899.680000	-237.791677	-214.966572
5903.760000	-238.466377	-215.493969
5907.840000	-239.142352	-216.021081
5911.920000	-239.819615	-216.547909
5916.000000	-240.472047	-217.074453
5920.080000	-241.002885	-217.600713
5924.160000	-241.533434	-218.126689
5928.240000	-242.063695	-218.652380
5932.320000	-242.593668	-219.177787
5936.400000	-243.123353	-219.702910
5940.480000	-243.649202	-220.227749
5944.560000	-244.172627	-220.752303
5948.640000	-244.695760	-221.276573
5952.720000	-245.218600	-221.800558
5956.800000	-245.741147	-222.324259
5960.880000	-246.263401	-222.847676
5964.960000	-246.787114	-223.372559
5969.040000	-247.311472	-223.898096
5973.120000	-247.836054	-224.423865
5977.200000	-248.360858	-224.949865
5981.280000	-248.885885	-225.476096
5985.360000	-249.411136	-226.002558
5989.440000	-249.937842	-226.529252
5993.520000	-250.175903	-227.056176
5997.600000	-250.274706	-227.583332
6001.680000	-250.387401	-228.110720
6005.760000	-250.513523	-228.638338
6009.840000	-249.361390	-229.166188
6013.920000	-249.405982	-229.694269
6018.000000	-249.882327	-230.222581
6022.080000	-250.347600	-230.751125
6026.160000	-250.800864	-231.279900
6030.240000	-251.236259	-231.808906
6034.320000	-251.649443	-232.338144
6038.400000	-252.161119	-232.867613
6042.480000	-252.726152	-233.397314
6046.560000	-253.287696	-233.927246
6050.640000	-253.845916	-234.457409
6054.720000	-254.400972	-234.987804
6058.800000	-254.953014	-235.518431
6062.880000	-255.486088	-236.033191
6066.960000	-255.933283	-236.465035
6071.040000	-256.377118	-236.896352
6075.120000	-256.819484	-237.327142
6079.200000	-257.260139	-237.757405
6083.280000	-257.697920	-238.187142
6087.360000	-258.132925	-238.616352
6091.440000	-258.565247	-239.045034
6095.520000	-259.164136	-239.473190
6099.600000	-259.816909	-239.900818
6103.680000	-260.259667	-240.327920
6107.760000	-260.653415	-240.754494
6111.840000	-261.046339	-241.180542
6115.920000	-261.438452	-241.606062
6120.000000	-261.829767	-242.031055
6124.080000	-262.220295	-242.455521
6128.160000	-262.625758	-242.879459
6132.240000	-263.031000	-243.302870
6136.320000	-263.435649	-243.725754
6140.400000	-263.839706	-244.148110
6144.480000	-264.203693	-244.569939
6148.560000	-264.443075	-244.991241
6152.640000	-264.683556	-245.412015
6156.720000	-264.976435	-245.832261
6160.800000	-265.231224	-246.251980
6164.880000	-265.339159	-246.574157
6168.960000	-265.601810	-246.812956
6173.040000	-265.898698	-247.050977
6177.120000	-266.185450	-247.288220
6181.200000	-266.462722	-247.524685
6185.280000	-266.731123	-247.760373
6189.360000	-266.991216	-247.995283
6193.440000	-267.243526	-248.229415
6197.520000	-267.471199	-248.462770
6201.600000	-267.684681	-248.695346
6205.680000	-267.897370	-248.927144
6209.760000	-268.109268	-249.158164
6213.840000	-268.388696	-249.388406
6217.920000	-268.892241	-249.617870
6222.000000	-269.351039	-249.846555
6226.080000	-269.570338	-250.074463
6230.160000	-269.788857	-250.301591
6234.240000	-270.046849	-250.527942
6238.320000	-270.379547	-250.753514
6242.400000	-270.819835	-250.978307
6246.480000	-271.295817	-251.202322
6250.560000	-271.582632	-251.425558
6254.640000	-271.818440	-251.648016
6258.720000	-272.049836	-251.869695
6262.800000	-272.276799	-252.090595
6266.880000	-272.359094	-252.170289
6270.960000	-272.423314	-252.235190
6275.040000	-272.484671	-252.300337
6279.120000	-272.543326	-252.365731
6283.200000	-273.302715	-252.431371
6287.280000	-272.884258	-252.497257
6291.360000	-273.143511	-252.563390
6295.440000	-273.286822	-252.629769
6299.520000	-273.679131	-252.696394
6303.600000	-275.489798	-252.763266
6307.680000	-280.585364	-252.830383
6311.760000	-282.378594	-252.897747
6315.840000	-282.977807	-252.965357
6319.920000	-283.091943	-253.033213
6324.000000	-282.515037	-253.101314
6328.080000	-282.647584	-253.169662
6332.160000	-282.776488	-253.238255
6336.240000	-282.901954	-253.307095
6340.320000	-283.539835	-253.376180
6344.400000	-283.619590	-253.445511
6348.480000	-283.697481	-253.515087
6352.560000	-283.368905	-253.584910
6356.640000	-283.847968	-253.654977
6360.720000	-283.920702	-253.725291
6364.800000	-283.972011	-253.776010
6368.880000	-283.984379	-253.788230
6372.960000	-283.764793	-253.800529
6377.040000	-283.822866	-253.812906
6381.120000	-283.881103	-253.825363
6385.200000	-283.939505	-253.837898
6389.280000	-283.998073	-253.850513
6393.360000	-284.056805	-253.863205
6397.440000	-284.039663	-253.875977
6401.520000	-284.020083	-253.888828
6405.600000	-284.000255	-253.901757
6409.680000	-283.980189	-253.914765
6413.760000	-283.959895	-253.927851
6417.840000	-283.896699	-253.941017
6421.920000	-283.795152	-253.954260
6426.000000	-283.684143	-253.967583
6430.080000	-283.564813	-253.980984
6434.160000	-283.501013	-253.994464
6438.240000	-283.526229	-254.008023
6442.320000	-283.550449	-254.021660
6446.400000	-283.573696	-254.035376
6450.480000	-283.595995	-254.049170
6454.560000	-283.617368	-254.063043
6458.640000	-283.637837	-254.076994
6462.720000	-283.650378	-254.091024
6466.800000	-283.594461	-254.097705
6470.880000	-283.534664	-254.102046
6474.960000	-283.473375	-254.106344
6479.040000	-283.410680	-254.110598
6483.120000	-283.346664	-254.114810
6487.200000	-283.281403	-254.118979
6491.280000	-283.214974	-254.123105
6495.360000	-283.147447	-254.127188
6499.440000	-283.078890	-254.131227
6503.520000	-283.009369	-254.135224
6507.600000	-282.938944	-254.139178
6511.680000	-282.867674	-254.143089
6515.760000	-282.985489	-254.146957
6519.840000	-283.107922	-254.150782
6523.920000	-283.340362	-254.154565
6528.000000	-284.004022	-254.158304
6532.080000	-284.087626	-254.162000
6536.160000	-284.171611	-254.165654
6540.240000	-284.255983	-254.169265
6544.320000	-284.340743	-254.172832
6548.400000	-284.425895	-254.176357
6552.480000	-284.513314	-254.179839
6556.560000	-284.705043	-254.183278
6560.640000	-284.898774	-254.186675
6564.720000	-285.099499	-254.194997
6568.800000	-285.324072	-254.225079
6572.880000	-285.550696	-254.255101
6576.960000	-285.779393	-254.285063
6581.040000	-286.014806	-254.314966
6585.120000	-286.252729	-254.344808
6589.200000	-286.492896	-254.374591
6593.280000	-286.735328	-254.404314
6597.360000	-286.980044	-254.433978
6601.440000	-287.227063	-254.463581
6605.520000	-287.476403	-254.493125
6609.600000	-287.728080	-254.522610
6613.680000	-287.797162	-254.552034
6617.760000	-287.850582	-254.581399
6621.840000	-287.903969	-254.610704
6625.920000	-287.957322	-254.639950
6630.000000	-288.010640	-254.669136
6634.080000	-288.063925	-254.698262
6638.160000	-288.117176	-254.727329
6642.240000	-288.170392	-254.756336
6646.320000	-288.223575	-254.785284
6650.400000	-288.276724	-254.814172
6654.480000	-288.329838	-254.843000
6658.560000	-288.382919	-254.871769
6662.640000	-288.435966	-254.900478
6666.720000	-288.498406	-254.938555
6670.800000	-288.566919	-254.982680
6674.880000	-288.635438	-255.026784
6678.960000	-288.704334	-255.070869
6683.040000	-288.774255	-255.114933
6687.120000	-288.844176	-255.158977
6691.200000	-288.914096	-255.203001
6695.280000	-288.984016	-255.247005
6699.360000	-289.053936	-255.290989
6703.440000	-289.123854	-255.334953
6707.520000	-289.193772	-255.378897
6711.600000	-289.263689	-255.422821
6715.680000	-289.333605	-255.466724
6719.760000	-289.403520	-255.510608
6723.840000	-289.473433	-255.554471
6727.920000	-289.543345	-255.598315
6732.000000	-289.613256	-255.642138
6736.080000	-289.683165	-255.685941
6740.160000	-289.753072	-255.729725
6744.240000	-290.261441	-255.773488
6748.320000	-292.358519	-255.817231
6752.400000	-292.433766	-255.860954
6756.480000	-292.496455	-255.904657
6760.560000	-292.559121	-255.948340
6764.640000	-292.621939	-255.992180
6768.720000	-292.690403	-256.041670
6772.800000	-292.758840	-256.091139
6776.880000	-292.827251	-256.140585
6780.960000	-292.895634	-256.190009
6785.040000	-292.963991	-256.239411
6789.120000	-293.032320	-256.288791
6793.200000	-293.100622	-256.338149
6797.280000	-293.168896	-256.387485
6801.360000	-293.237142	-256.436799
6805.440000	-293.305361	-256.486091
6809.520000	-293.373551	-256.535361
6813.600000	-293.441713	-256.584609
6817.680000	-293.509846	-256.633835
6821.760000	-293.577951	-256.683038
6825.840000	-293.646027	-256.732220
6829.920000	-293.714073	-256.781380
6834.000000	-293.782091	-256.830518
6838.080000	-293.850079	-256.879634
6842.160000	-294.066569	-256.928727
6846.240000	-294.324275	-256.977799
6850.320000	-294.583058	-257.026849
6854.400000	-294.842860	-257.075877
6858.480000	-295.103620	-257.124883
6862.560000	-295.365268	-257.173866
6866.640000	-295.603880	-257.198979
6870.720000	-295.814312	-257.195161
6874.800000	-295.960755	-257.191310
6878.880000	-295.973547	-257.187429
6882.960000	-295.986306	-257.183516
6887.040000	-295.999032	-257.179571
6891.120000	-296.011725	-257.175595
6895.200000	-296.024385	-257.171588
6899.280000	-296.037012	-257.167549
6903.360000	-296.049605	-257.163478
6907.440000	-296.014937	-257.159376
6911.520000	-295.953242	-257.155243
6915.600000	-295.888245	-257.151079
6919.680000	-295.821843	-257.146883
6923.760000	-295.754100	-257.142655
6927.840000	-295.685076	-257.138396
6931.920000	-295.614828	-257.134106
6936.000000	-295.543411	-257.129784
6940.080000	-295.470881	-257.125431
6944.160000	-295.397288	-257.121047
6948.240000	-295.322682	-257.116631
6952.320000	-295.247110	-257.112184
6956.400000	-295.170619	-257.107705
6960.480000	-295.093252	-257.103195
6964.560000	-295.015053	-257.098654
6968.640000	-294.938093	-257.096112
6972.720000	-294.860749	-257.093908
6976.800000	-294.782771	-257.091753
6980.880000	-294.704195	-257.089645
6984.960000	-294.625056	-257.087587
6989.040000	-294.544346	-257.085576
6993.120000	-294.461423	-257.083615
6997.200000	-294.377900	-257.081701
7001.280000	-294.293864	-257.079884
7005.360000	-294.211550	-257.080362
7009.440000	-294.129127	-257.081268
7013.520000	-294.046631	-257.082604
7017.600000	-293.972654	-257.084368
7021.680000	-293.904190	-257.086561
7025.760000	-293.835701	-257.089184
7029.840000	-293.767211	-257.092235
7033.920000	-293.698743	-257.095715
7038.000000	-293.630320	-257.099623
7042.080000	-293.561963	-257.103961
7046.160000	-293.493695	-257.108727
7050.240000	-293.425535	-257.113923
7054.320000	-293.357503	-257.119547
7058.400000	-293.315778	-257.125600
7062.480000	-293.283870	-257.132081
7066.560000	-293.252466	-257.138992
7070.640000	-293.226488	-257.151253
7074.720000	-293.202099	-257.165027
7078.800000	-293.178034	-257.179051
7082.880000	-293.154293	-257.193323
7086.960000	-293.130875	-257.207845
7091.040000	-293.107781	-257.222615
7095.120000	-293.085011	-257.237634
7099.200000	-293.062563	-257.252902
7103.280000	-293.040438	-257.268419
7107.360000	-293.018636	-257.284185
7111.440000	-292.997156	-257.300199
7115.520000	-292.975999	-257.316463
7119.600000	-292.955164	-257.332975
7123.680000	-292.971751	-257.349737
7127.760000	-293.004655	-257.366747
7131.840000	-293.037817	-257.384006
7135.920000	-293.071238	-257.401514
7140.000000	-293.104918	-257.419271
7144.080000	-293.138856	-257.437276
7148.160000	-293.173053	-257.455531
7152.240000	-293.207508	-257.474034
7156.320000	-293.242222	-257.492786
7160.400000	-293.277194	-257.511787
7164.480000	-293.312424	-257.531037
7168.560000	-293.347914	-257.550535
7172.640000	-293.390737	-257.577358
7176.720000	-293.442438	-257.613049
7180.800000	-293.494016	-257.648608
7184.880000	-293.545471	-257.684034
7188.960000	-293.596803	-257.719327
7193.040000	-293.648013	-257.754488
7197.120000	-293.699099	-257.789517
7201.200000	-293.751758	-257.826108
7205.280000	-293.807568	-257.865841
7209.360000	-293.863062	-257.905249
7213.440000	-293.918242	-257.944332
7217.520000	-293.973106	-257.983090
7221.600000	-294.027656	-258.021524
7225.680000	-294.081890	-258.059633
7229.760000	-294.135809	-258.097417
7233.840000	-294.189413	-258.134877
7237.920000	-294.242701	-258.172012
7242.000000	-294.295675	-258.208823
7246.080000	-294.348334	-258.245308
7250.160000	-294.400677	-258.281469
7254.240000	-294.452705	-258.317306
7258.320000	-294.509817	-258.352818
7262.400000	-294.575096	-258.388005
7266.480000	-294.630548	-258.422867
7270.560000	-294.677454	-258.457405
7274.640000	-294.724319	-258.491989
7278.720000	-294.774830	-258.530305
7282.800000	-294.825395	-258.568765
7286.880000	-294.876013	-258.607367
7290.960000	-294.926683	-258.646112
7295.040000	-294.977405	-258.685000
7299.120000	-295.028177	-258.724031
7303.200000	-295.078998	-258.763205
7307.280000	-295.129867	-258.802521
7311.360000	-295.180784	-258.841981
7315.440000	-295.231747	-258.881583
7319.520000	-295.282755	-258.921328
7323.600000	-295.333808	-258.961216
7327.680000	-295.384903	-259.001246
7331.760000	-295.436041	-259.041420
7335.840000	-295.487219	-259.081736
7339.920000	-295.538438	-259.122195
7344.000000	-295.589695	-259.162797
7348.080000	-295.640990	-259.203542
7352.160000	-295.692321	-259.244430
7356.240000	-295.743688	-259.285460
7360.320000	-295.795089	-259.326633
7364.400000	-295.846523	-259.367949
7368.480000	-295.897989	-259.409408
7372.560000	-295.949486	-259.451010
7376.640000	-296.001013	-259.492754
7380.720000	-296.056346	-259.538420
7384.800000	-296.112900	-259.585422
7388.880000	-296.156515	-259.632370
7392.960000	-296.199067	-259.679264
7397.040000	-296.241563	-259.726105
7401.120000	-296.284004	-259.772892
7405.200000	-296.237586	-259.819625
7409.280000	-296.103843	-259.866305
7413.360000	-295.971414	-259.912931
7417.440000	-295.840297	-259.959503
7421.520000	-295.710490	-260.006021
7425.600000	-295.581987	-260.052486
7429.680000	-295.454785	-260.098897
7433.760000	-295.328880	-260.145254
7437.840000	-295.204264	-260.191558
7441.920000	-295.080933	-260.237808
7446.000000	-294.958879	-260.284004
7450.080000	-294.838097	-260.330147
7454.160000	-294.718579	-260.376235
7458.240000	-294.600317	-260.422271
7462.320000	-294.483304	-260.468252
7466.400000	-294.443874	-260.514180
7470.480000	-294.422988	-260.560054
7474.560000	-294.402277	-260.605874
7478.640000	-294.381742	-260.651641
7482.720000	-294.352428	-260.688401
7486.800000	-294.308926	-260.710748
7490.880000	-294.265824	-260.733267
7494.960000	-294.223121	-260.755961
7499.040000	-294.180816	-260.778828
7503.120000	-294.138908	-260.801869
7507.200000	-294.105454	-260.833142
7511.280000	-294.073243	-260.865435
7515.360000	-294.041540	-260.898015
7519.440000	-294.010344	-260.930882
7523.520000	-293.979654	-260.964036
7527.600000	-293.949470	-260.997477
7531.680000	-293.919790	-261.031205
7535.760000	-293.890615	-261.065220
7539.840000	-293.899770	-261.099521
7543.920000	-293.931226	-261.134110
7548.000000	-293.962969	-261.168986
7552.080000	-293.994999	-261.204148
7556.160000	-294.027315	-261.239598
7560.240000	-294.059919	-261.275334
7564.320000	-294.074681	-261.293230
7568.400000	-294.085315	-261.306998
7572.480000	-294.094684	-261.319500
7576.560000	-294.102786	-261.330736
7580.640000	-294.109622	-261.340707
7584.720000	-294.115192	-261.349411
7588.800000	-294.119496	-261.356849
7592.880000	-294.118296	-261.358784
7596.960000	-294.110728	-261.354352
7601.040000	-294.101878	-261.348636
7605.120000	-294.091745	-261.341638
7609.200000	-294.080328	-261.333357
7613.280000	-294.067629	-261.323793
7617.360000	-294.053646	-261.312946
7621.440000	-294.038380	-261.300816
7625.520000	-294.021831	-261.287403
7629.600000	-294.003999	-261.272707
7633.680000	-293.984884	-261.256728
7637.760000	-293.964485	-261.239467
7641.840000	-293.870978	-261.220922
7645.920000	-293.684231	-261.201095
7650.000000	-293.497771	-261.179984
7654.080000	-293.311579	-261.157591
7658.160000	-293.125636	-261.133915
7662.240000	-292.939923	-261.108956
7666.320000	-292.754423	-261.082714
7670.400000	-292.569117	-261.055189
7674.480000	-292.383986	-261.026382
7678.560000	-292.199015	-260.996291
7682.640000	-292.014184	-260.964918
7686.720000	-291.816767	-260.932262
7690.800000	-291.608093	-260.898323
7694.880000	-291.401720	-260.863101
7698.960000	-291.226877	-260.826597
7703.040000	-291.056033	-260.792907
7707.120000	-290.922882	-260.795741
7711.200000	-290.788444	-260.796135
7715.280000	-290.652707	-260.794087
7719.360000	-290.515655	-260.789599
7723.440000	-290.377275	-260.782671
7727.520000	-290.242729	-260.773302
7731.600000	-290.255104	-260.761492
7735.680000	-290.264615	-260.747242
7739.760000	-290.271250	-260.730552
7743.840000	-290.274998	-260.711420
7747.920000	-290.275847	-260.689849
7752.000000	-290.273785	-260.665837
7756.080000	-290.268800	-260.639384
7760.160000	-290.260879	-260.610491
7764.240000	-290.187430	-260.579157
7768.320000	-290.065642	-260.545383
7772.400000	-289.941890	-260.509169
7776.480000	-289.816173	-260.470514
7780.560000	-289.688486	-260.429419
7784.640000	-289.558826	-260.385883
7788.720000	-289.426646	-260.339363
7792.800000	-289.237749	-260.235665
7796.880000	-289.047242	-260.129898
7800.960000	-288.855123	-260.022064
7805.040000	-288.661388	-259.912163
7809.120000	-288.466034	-259.800193
7813.200000	-288.269059	-259.686156
7817.280000	-287.939581	-259.439174
7821.360000	-287.561821	-259.143470
7825.440000	-287.181705	-258.844974
7829.520000	-286.799231	-258.543686
7833.600000	-286.414396	-258.239605
7837.680000	-285.954743	-257.932733
7841.760000	-285.488845	-257.623069
7845.840000	-285.021754	-257.310613
7849.920000	-284.603426	-256.995364
7854.000000	-284.248983	-256.677324
7858.080000	-283.891839	-256.356492
7862.160000	-283.531993	-256.032868
7866.240000	-283.230738	-255.706452
7870.320000	-283.044921	-255.377244
7874.400000	-282.953371	-255.045244
7878.480000	-283.087086	-254.710453
7882.560000	-282.819045	-254.372869
7886.640000	-281.817278	-254.032494
7890.720000	-280.514967	-253.689327
7894.800000	-281.315135	-253.343368
7898.880000	-281.345478	-252.994618
7902.960000	-281.034301	-252.643075
7907.040000	-280.531621	-252.288741
7911.120000	-279.414857	-251.931615
7915.200000	-277.792694	-251.571698
7919.280000	-276.688224	-251.208988
7923.360000	-275.455892	-250.843487
7927.440000	-274.937348	-250.460082
7931.520000	-274.671143	-250.052373
7935.600000	-273.621544	-249.645677
7939.680000	-272.291329	-249.239996
7943.760000	-271.018352	-248.835328
7947.840000	-270.351252	-248.431674
7951.920000	-269.235497	-248.029035
7956.000000	-268.940106	-247.627409
7960.080000	-267.226229	-247.226797
7964.160000	-266.827664	-246.827199
7968.240000	-266.422283	-246.428614
7972.320000	-266.010725	-246.031044
7976.400000	-265.593578	-245.634487
7980.480000	-265.171386	-245.238945
7984.560000	-264.744645	-244.844416
7988.640000	-264.336481	-244.450901
7992.720000	-263.936203	-244.055275
7996.800000	-263.522617	-243.646338
8000.880000	-263.110224	-243.238594
8004.960000	-262.710174	-242.832040
8009.040000	-262.383636	-242.426678
8013.120000	-262.064120	-242.027942
8017.200000	-261.753463	-241.637673
8021.280000	-261.445055	-241.249268
8025.360000	-261.138891	-240.862727
8029.440000	-259.560749	-240.478048
8033.520000	-258.716521	-240.095233
8037.600000	-258.374132	-239.714281
8041.680000	-258.230141	-239.344159
8045.760000	-258.622762	-239.071971
8049.840000	-259.056126	-238.802418
8053.920000	-258.655767	-238.535498
8058.000000	-258.790537	-238.271213
8062.080000	-258.781681	-238.009562
8066.160000	-258.780984	-237.750546
8070.240000	-258.788573	-237.494163
8074.320000	-258.804573	-237.240415
8078.400000	-258.829105	-236.989300
8082.480000	-258.862285	-236.740820
8086.560000	-258.904224	-236.494975
8090.640000	-258.955022	-236.251763
8094.720000	-259.014768	-236.011185
8098.800000	-259.083539	-235.773242
8102.880000	-258.549941	-235.537933
8106.960000	-257.817887	-235.305258
8111.040000	-257.106119	-235.075217
8115.120000	-256.414135	-234.847810
8119.200000	-255.741376	-234.623038
8123.280000	-255.087249	-234.400899
8127.360000	-254.502478	-234.181395
8131.440000	-254.174255	-233.964525
8135.520000	-253.849719	-233.750289
8139.600000	-253.528860	-233.538687
8143.680000	-253.211668	-233.329720
8147.760000	-252.919030	-233.123386
8151.840000	-252.716328	-232.919686
8155.920000	-252.516096	-232.718621
8160.000000	-252.318332	-232.520190
8164.080000	-252.111921	-232.313280
8168.160000	-251.889280	-232.091249
8172.240000	-251.665901	-231.869028
8176.320000	-251.442316	-231.646619
8180.400000	-251.218526	-231.424020
8184.480000	-250.994531	-231.201231
8188.560000	-250.770330	-230.978253
8192.640000	-250.551210	-230.760373
8196.720000	-250.336402	-230.546820
8200.800000	-250.123010	-230.334699
8204.880000	-249.911033	-230.124010
8208.960000	-249.700471	-229.914753
8213.040000	-249.491325	-229.706928
8217.120000	-249.283594	-229.500534
8221.200000	-249.077279	-229.295572
8225.280000	-248.872378	-229.092042
8229.360000	-248.668893	-228.889944
8233.440000	-248.466822	-228.689277
8237.520000	-248.266167	-228.490042
8241.600000	-248.066927	-228.292239
8245.680000	-247.869101	-228.095868
8249.760000	-247.672690	-227.900929
8253.840000	-247.230336	-227.707421
8257.920000	-247.113497	-227.515345
8262.000000	-246.998504	-227.324701
8266.080000	-246.885359	-227.135488
8270.160000	-246.774058	-226.947707
8274.240000	-246.499826	-226.761358
8278.320000	-246.167636	-226.576441
8282.400000	-244.397597	-226.392956
8286.480000	-244.044939	-226.199142
8290.560000	-243.697665	-226.004027
8294.640000	-242.896531	-225.811846
8298.720000	-242.272837	-225.622597
8302.800000	-241.353100	-225.436282
8306.880000	-240.495801	-225.252900
8310.960000	-240.077395	-225.072451
8315.040000	-239.513121	-224.894935
8319.120000	-239.251867	-224.720353
8323.200000	-238.979365	-224.548704
8327.280000	-239.058052	-224.379988
8331.360000	-238.943244	-224.214205
8335.440000	-239.148757	-224.051355
8339.520000	-239.357406	-223.891438
8343.600000	-239.562833	-223.734455
8347.680000	-239.814272	-223.580405
8351.760000	-240.108224	-223.429288
8355.840000	-240.236201	-223.281104
8359.920000	-240.452009	-223.135853
8364.000000	-241.156564	-222.993535
8368.080000	-241.567688	-222.854151
8372.160000	-242.098230	-222.802879
8376.240000	-242.686462	-222.775796
8380.320000	-242.788923	-222.750626
8384.400000	-242.782179	-222.727369
8388.480000	-242.777316	-222.706025
8392.560000	-242.774334	-222.686594
8396.640000	-241.936044	-222.669076
8400.720000	-242.474553	-222.653471
8404.800000	-242.820633	-222.641601
8408.880000	-243.047564	-222.652116
8412.960000	-243.171475	-222.662309
8417.040000	-243.316353	-222.672181
8421.120000	-243.450395	-222.681731
8425.200000	-242.650436	-222.690959
8429.280000	-242.907171	-222.699866
8433.360000	-243.168218	-222.708452
8437.440000	-244.293000	-222.716715
8441.520000	-244.831768	-222.724658
8445.600000	-244.936018	-222.732278
8449.680000	-245.433277	-222.739577
8453.760000	-245.915841	-222.746555
8457.840000	-246.376359	-222.753211
8461.920000	-246.823849	-222.759545
8466.000000	-247.259671	-222.765558
8470.080000	-247.684827	-222.771249
8474.160000	-248.099904	-222.776618
8478.240000	-248.261988	-222.781666
8482.320000	-248.335484	-222.786393
8486.400000	-248.396455	-222.790797
8490.480000	-248.390538	-222.794881
8494.560000	-248.329995	-222.798642
8498.640000	-248.254108	-222.802082
8502.720000	-248.208994	-222.805201
8506.800000	-248.169575	-222.807998
8510.880000	-248.129851	-222.810473
8514.960000	-248.089828	-222.812627
8519.040000	-248.049509	-222.814459
8523.120000	-248.009042	-222.815970
8527.200000	-247.975242	-222.820884
8531.280000	-247.945670	-222.829882
8535.360000	-247.914683	-222.837321
8539.440000	-247.882280	-222.843201
8543.520000	-247.848459	-222.847522
8547.600000	-247.765038	-222.850285
8551.680000	-247.608942	-222.828791
8555.760000	-247.452991	-222.805372
8559.840000	-247.298213	-222.781072
8563.920000	-247.144590	-222.755892
8568.000000	-246.992099	-222.729831
8572.080000	-246.840715	-222.702890
8576.160000	-245.711971	-222.675069
8580.240000	-245.721690	-222.646367
8584.320000	-246.166836	-222.616784
8588.400000	-246.488528	-222.586321
8592.480000	-246.576236	-222.554977
8596.560000	-246.647326	-222.522753
8600.640000	-246.702946	-222.489649
8604.720000	-246.715938	-222.462325
8608.800000	-246.678168	-222.435915
8612.880000	-246.639467	-222.408563
8616.960000	-246.599835	-222.380270
8621.040000	-246.559271	-222.351035
8625.120000	-246.341046	-222.320858
8629.200000	-245.990110	-222.289739
8633.280000	-244.783181	-222.257679
8637.360000	-243.546870	-222.224678
8641.440000	-242.989682	-222.190734
8645.520000	-242.937491	-222.155849
8649.600000	-242.910847	-222.120022
8653.680000	-242.911662	-222.115843
8657.760000	-242.933800	-222.136946
8661.840000	-242.951377	-222.157225
8665.920000	-242.964602	-222.176681
8670.000000	-242.988017	-222.195313
8674.080000	-243.202212	-222.213122
8678.160000	-243.407384	-222.230108
8682.240000	-243.603832	-222.246271
8686.320000	-243.791843	-222.261610
8690.400000	-243.871746	-222.276126
8694.480000	-243.857141	-222.289818
8698.560000	-243.841767	-222.302688
8702.640000	-243.931451	-222.314734
8706.720000	-243.898557	-222.325956
8710.800000	-243.895428	-222.337658
8714.880000	-243.890559	-222.347672
8718.960000	-243.883786	-222.355833
8723.040000	-243.875110	-222.362140
8727.120000	-243.864532	-222.366593
8731.200000	-243.852052	-222.369193
8735.280000	-243.837672	-222.369940
8739.360000	-243.824214	-222.368833
8743.440000	-243.810600	-222.365872
8747.520000	-243.795002	-222.361058
8751.600000	-243.777420	-222.354391
8755.680000	-243.757851	-222.345870
8759.760000	-243.736296	-222.335495
8763.840000	-243.712754	-222.323268
8767.920000	-243.687222	-222.309186
8772.000000	-243.659701	-222.293251
8776.080000	-243.630190	-222.275463
8780.160000	-243.598687	-222.255821
8784.240000	-243.250906	-222.234325
8788.320000	-242.639770	-222.241750
8792.400000	-242.088913	-222.262472
8796.480000	-242.169555	-222.281939
8800.560000	-242.248761	-222.300151
8804.640000	-242.326504	-222.317110
8808.720000	-242.402758	-222.332813
8812.800000	-242.477925	-222.347262
8816.880000	-242.551618	-222.360457
8820.960000	-242.623616	-222.372398
8825.040000	-242.693877	-222.383083
8829.120000	-242.844608	-222.392515
8833.200000	-242.998037	-222.400692
8837.280000	-243.150874	-222.407614
8841.360000	-243.303018	-222.413282
8845.440000	-243.397819	-222.417696
8849.520000	-243.388537	-222.420855
8853.600000	-243.378004	-222.422760
8857.680000	-243.366218	-222.423410
8861.760000	-243.392427	-222.462051
8865.840000	-243.431463	-222.502028
8869.920000	-243.590484	-222.540446
8874.000000	-243.749240	-222.577307
8878.080000	-243.907752	-222.612609
8882.160000	-244.066035	-222.646354
8886.240000	-244.224110	-222.678540
8890.320000	-244.260637	-222.709169
8894.400000	-244.260779	-222.738239
8898.480000	-244.429461	-222.765752
8902.560000	-244.698347	-222.791706
8906.640000	-244.968827	-222.816102
8910.720000	-245.152586	-222.838941
8914.800000	-245.303999	-222.860221
8918.880000	-245.454350	-222.879943
8922.960000	-245.578321	-222.927768
8927.040000	-245.340836	-222.980747
8931.120000	-245.168237	-223.031617
8935.200000	-245.250878	-223.080378
8939.280000	-245.331980	-223.127031
8943.360000	-245.411318	-223.171576
8947.440000	-245.488613	-223.214012
8951.520000	-245.563867	-223.254339
8955.600000	-245.637079	-223.292558
8959.680000	-245.708249	-223.328668
8963.760000	-245.777377	-223.362670
8967.840000	-245.844465	-223.394564
8971.920000	-245.909511	-223.424348
8976.000000	-245.972517	-223.452025
8980.080000	-246.033481	-223.477592
8984.160000	-246.092405	-223.501052
8988.240000	-246.149288	-223.522402
8992.320000	-246.204132	-223.541644
8996.400000	-246.256935	-223.558778
9000.480000	-246.307697	-223.573803
9004.560000	-246.355356	-223.586719
9008.640000	-246.405003	-223.597527
9012.720000	-246.529874	-223.615125
9016.800000	-246.628211	-223.629118
9020.880000	-246.738319	-223.638927
9024.960000	-246.879336	-223.644552
9029.040000	-247.017766	-223.645995
9033.120000	-247.153638	-223.643254
9037.200000	-247.286980	-223.636329
9041.280000	-247.417821	-223.625222
9045.360000	-247.546193	-223.609930
9049.440000	-247.672127	-223.590456
9053.520000	-247.795655	-223.566798
9057.600000	-247.909436	-223.531585
9061.680000	-247.936713	-223.493771
9065.760000	-247.899184	-223.453930
9069.840000	-247.859558	-223.412063
9073.920000	-247.817834	-223.368170
9078.000000	-247.774013	-223.322249
9082.080000	-247.728096	-223.274302
9086.160000	-247.680084	-223.224328
9090.240000	-247.629976	-223.172327
9094.320000	-247.577773	-223.118300
9098.400000	-247.523476	-223.062246
9102.480000	-247.467085	-223.004165
9106.560000	-247.408600	-222.944057
9110.640000	-247.348022	-222.881923
9114.720000	-247.285351	-222.817762
9118.800000	-247.220588	-222.751574
9122.880000	-247.153733	-222.683360
9126.960000	-247.081944	-222.613119
9131.040000	-247.006278	-222.540851
9135.120000	-246.928542	-222.466556
9139.200000	-246.848735	-222.390234
9143.280000	-246.766857	-222.311886
9147.360000	-246.657706	-222.231511
9151.440000	-246.552471	-222.149109
9155.520000	-246.457958	-222.064680
9159.600000	-246.347880	-221.978225
9163.680000	-246.151094	-221.908801
9167.760000	-245.956353	-221.841033
9171.840000	-245.762859	-221.774074
9175.920000	-245.570654	-221.707924
9180.000000	-245.379777	-221.642583
9184.080000	-245.190264	-221.578052
9188.160000	-245.005026	-221.517208
9192.240000	-244.858636	-221.494596
9196.320000	-244.714137	-221.473232
9200.400000	-244.571553	-221.453115
9204.480000	-244.430907	-221.434246
9208.560000	-244.292219	-221.416624
9212.640000	-244.038505	-221.400249
9216.720000	-243.545637	-221.385122
9220.800000	-243.429065	-221.371243
9224.880000	-243.310013	-221.358610
9228.960000	-243.188939	-221.347225
9233.040000	-243.066256	-221.337088
9237.120000	-242.942339	-221.328198
9241.200000	-242.817529	-221.320555
9245.280000	-242.692134	-221.314160
9249.360000	-242.603513	-221.309012
9253.440000	-242.556337	-221.305112
9257.520000	-242.520037	-221.302459
9261.600000	-242.484433	-221.301053
9265.680000	-242.449548	-221.300895
9269.760000	-242.415405	-221.301985
9273.840000	-242.382803	-221.304322
9277.920000	-242.356428	-221.307906
9282.000000	-242.381227	-221.312738
9286.080000	-242.392912	-221.318817
9290.160000	-242.405080	-221.326144
9294.240000	-242.417750	-221.334718
9298.320000	-242.430938	-221.344539
9302.400000	-242.444662	-221.355608
9306.480000	-242.458938	-221.367925
9310.560000	-242.473782	-221.381489
9314.640000	-242.539245	-221.445227
9318.720000	-242.608648	-221.511120
9322.800000	-242.686959	-221.586049
9326.880000	-242.797714	-221.693554
9330.960000	-242.907346	-221.800049
9335.040000	-243.016011	-221.905533
9339.120000	-243.122509	-222.010007
9343.200000	-243.226801	-222.113471
9347.280000	-243.328848	-222.215925
9351.360000	-243.431678	-222.317368
9355.440000	-243.534557	-222.417801
9359.520000	-243.636422	-222.517224
9363.600000	-243.737274	-222.615636
9367.680000	-243.916302	-222.713039
9371.760000	-244.216581	-222.809431
9375.840000	-244.526565	-222.904812
9379.920000	-244.848455	-222.999184
9384.000000	-245.173972	-223.092545
9388.080000	-245.503253	-223.184896
9392.160000	-245.787498	-223.276236
9396.240000	-245.899197	-223.366566
9400.320000	-246.003700	-223.455886
9404.400000	-246.102107	-223.544196
9408.480000	-246.201193	-223.631495
9412.560000	-246.298658	-223.717784
9416.640000	-246.394488	-223.803063
9420.720000	-246.488663	-223.887332
9424.800000	-246.581166	-223.970590
9428.880000	-246.671979	-224.052838
9432.960000	-246.758235	-224.134075
9437.040000	-246.833148	-224.214303
9441.120000	-246.899362	-224.293519
9445.200000	-246.956280	-224.371726
9449.280000	-247.012596	-224.448922
9453.360000	-247.067587	-224.525108
9457.440000	-247.140632	-224.600421
9461.520000	-247.249027	-224.676086
9465.600000	-247.382618	-224.778277
9469.680000	-247.517294	-224.882111
9473.760000	-247.651697	-224.986584
9477.840000	-247.783986	-225.091676
9481.920000	-247.915699	-225.197045
9486.000000	-248.047463	-225.303049
9490.080000	-248.179288	-225.409688
9494.160000	-248.311181	-225.516962
9498.240000	-248.443149	-225.624872
9502.320000	-248.616487	-225.733418
9506.400000	-248.789837	-225.842598
9510.480000	-248.962360	-225.952414
9514.560000	-249.134082	-226.062865
9518.640000	-249.305027	-226.173951
9522.720000	-249.474456	-226.285673
9526.800000	-249.639596	-226.398030
9530.880000	-249.805535	-226.511023
9534.960000	-249.972274	-226.624650
9539.040000	-250.139811	-226.738913
9543.120000	-250.308146	-226.853811
9547.200000	-250.477279	-226.969345
9551.280000	-250.647208	-227.085514
9555.360000	-250.817934	-227.202318
9559.440000	-250.989454	-227.319758
9563.520000	-251.161769	-227.437832
9567.600000	-251.334877	-227.556543
9571.680000	-251.508778	-227.675888
9575.760000	-251.683470	-227.795869
9579.840000	-251.860553	-227.916485
9583.920000	-252.039696	-228.037736
9588.000000	-252.219751	-228.159623
9592.080000	-252.385378	-228.266806
9596.160000	-252.551357	-228.373002
9600.240000	-252.718001	-228.479419
9604.320000	-252.873788	-228.586056
9608.400000	-252.999838	-228.692913
9612.480000	-253.125635	-228.799990
9616.560000	-253.244214	-228.900336
9620.640000	-253.343419	-228.981808
9624.720000	-253.442721	-229.063892
9628.800000	-253.591762	-229.146589
9632.880000	-253.760810	-229.229897
9636.960000	-253.916995	-229.313819
9641.040000	-254.061293	-229.398352
9645.120000	-254.193856	-229.483498
9649.200000	-254.319570	-229.569256
9653.280000	-254.485109	-229.655627
9657.360000	-254.651765	-229.742610
9661.440000	-254.819543	-229.830205
9665.520000	-254.988448	-229.918413
9669.600000	-255.158484	-230.007233
9673.680000	-255.410390	-230.096666
9677.760000	-255.610066	-230.186711
9681.840000	-255.765382	-230.277368
9685.920000	-255.921607	-230.368638
9690.000000	-256.078743	-230.460520
9694.080000	-256.344731	-230.553015
9698.160000	-257.078378	-230.646121
9702.240000	-257.713144	-230.739841
9706.320000	-257.867825	-230.834172
9710.400000	-258.023386	-230.929116
9714.480000	-258.179831	-231.024673
9718.560000	-258.337160	-231.120842
9722.640000	-258.479351	-231.201597
9726.720000	-258.610782	-231.271318
9730.800000	-258.743015	-231.341563
9734.880000	-258.876053	-231.412333
9738.960000	-259.009896	-231.483627
9743.040000	-259.144548	-231.555446
9747.120000	-259.267454	-231.627790
9751.200000	-259.380074	-231.700658
9755.280000	-259.493226	-231.774051
9759.360000	-259.606774	-231.847968
9763.440000	-259.720824	-231.922411
9767.520000	-259.835410	-231.997378
9771.600000	-259.946091	-232.068430
9775.680000	-260.052773	-232.135472
9779.760000	-260.160368	-232.203417
9783.840000	-260.268875	-232.272264
9787.920000	-260.378295	-232.342013
9792.000000	-260.488628	-232.412665
9796.080000	-260.599873	-232.484219
9800.160000	-260.712032	-232.556676
9804.240000	-260.825103	-232.630035
9808.320000	-260.939087	-232.704296
9812.400000	-261.096753	-232.779460
9816.480000	-261.476034	-232.855526
9820.560000	-261.860343	-232.932494
9824.640000	-262.046828	-233.010365
9828.720000	-262.182154	-233.089138
9832.800000	-262.318603	-233.168814
9836.880000	-262.456177	-233.249392
9840.960000	-262.594875	-233.330872
9845.040000	-262.708126	-233.413255
9849.120000	-262.800859	-233.496540
9853.200000	-262.882945	-233.569697
9857.280000	-262.929779	-233.608115
9861.360000	-262.976166	-233.646589
9865.440000	-263.022112	-233.685118
9869.520000	-263.067625	-233.723703
9873.600000	-263.111404	-233.762343
9877.680000	-263.153152	-233.801039
9881.760000	-263.194947	-233.839791
9885.840000	-263.236788	-233.878599
9889.920000	-263.278676	-233.917462
9894.000000	-263.320611	-233.956381
9898.080000	-263.362593	-233.995356
9902.160000	-263.404622	-234.034386
9906.240000	-263.446697	-234.073472
9910.320000	-263.488820	-234.112614
9914.400000	-263.530990	-234.151811
9918.480000	-263.583597	-234.191064
9922.560000	-263.660632	-234.230373
9926.640000	-263.707796	-234.240572
9930.720000	-263.742375	-234.239338
9934.800000	-263.778623	-234.239993
9938.880000	-263.816531	-234.242536
9942.960000	-263.856092	-234.246968
9947.040000	-263.897299	-234.253289
9951.120000	-263.940143	-234.261498
9955.200000	-263.984617	-234.271596
9959.280000	-264.029631	-234.283582
9963.360000	-264.041889	-234.297457
9967.440000	-264.055951	-234.313220
9971.520000	-264.071818	-234.330872
9975.600000	-264.089490	-234.350413
9979.680000	-264.108968	-234.371842
9983.760000	-264.130253	-234.395160
9987.840000	-264.141112	-234.408134
9991.920000	-264.150942	-234.420160
9996.000000	-264.161000	-234.432493
10000.080000	-264.171286	-234.445135
10004.160000	-264.183635	-234.458084
10008.240000	-264.195243	-234.471342
10012.320000	-264.226442	-234.484907
10016.400000	-264.256542	-234.498781
10020.480000	-264.284632	-234.512962
10024.560000	-264.271916	-234.527451
10028.640000	-264.259347	-234.542248
10032.720000	-264.246931	-234.557353
10036.800000	-264.234670	-234.572767
10040.880000	-264.222570	-234.588488
10044.960000	-264.210632	-234.604517
10049.040000	-264.198862	-234.620854
10053.120000	-264.187262	-234.637499
10057.200000	-264.175837	-234.654452
10061.280000	-264.164589	-234.671713
10065.360000	-264.153522	-234.689281
10069.440000	-264.142639	-234.707158
10073.520000	-264.131944	-234.725343
10077.600000	-264.121440	-234.743836
10081.680000	-264.080883	-234.732390
10085.760000	-264.037145	-234.717874
10089.840000	-263.993654	-234.703713
10093.920000	-263.956049	-234.689905
10098.000000	-263.960627	-234.676452
10102.080000	-263.965581	-234.663353
10106.160000	-263.970912	-234.650608
10110.240000	-263.977158	-234.638217
10114.320000	-263.984485	-234.626181
10118.400000	-263.985945	-234.608323
10122.480000	-263.983345	-234.586449
10126.560000	-263.981460	-234.565335
10130.640000	-263.980289	-234.544980
10134.720000	-263.979832	-234.525384
10138.800000	-263.980090	-234.506547
10142.880000	-263.981063	-234.488470
10146.960000	-263.982751	-234.471152
10151.040000	-263.985154	-234.454593
10155.120000	-263.988272	-234.438794
10159.200000	-263.992105	-234.423754
10163.280000	-263.996653	-234.409473
10167.360000	-264.001917	-234.395952
10171.440000	-264.007896	-234.383189
10175.520000	-264.014591	-234.371187
10179.600000	-264.022001	-234.359943
10183.680000	-264.030127	-234.349459
10187.760000	-264.082076	-234.339734
10191.840000	-264.139240	-234.330768
10195.920000	-264.197450	-234.322561
10200.000000	-264.255513	-234.315114
10204.080000	-264.296403	-234.308426
10208.160000	-264.313319	-234.302498
10212.240000	-264.302742	-234.297329
10216.320000	-264.260655	-234.292919
10220.400000	-264.182463	-234.289268
10224.480000	-264.169189	-234.286377
10228.560000	-264.227839	-234.284245
10232.640000	-264.337732	-234.276934
10236.720000	-264.495020	-234.218274
10240.800000	-264.620011	-234.161046
10244.880000	-264.715789	-234.105251
10248.960000	-264.782626	-234.048375
10253.040000	-264.747041	-233.984780
10257.120000	-264.673525	-233.922341
10261.200000	-264.575421	-233.861058
10265.280000	-264.455874	-233.800931
10269.360000	-264.317654	-233.741960
10273.440000	-264.272781	-233.684145
10277.520000	-264.189982	-233.627486
10281.600000	-264.117843	-233.571983
10285.680000	-264.055162	-233.517637
10289.760000	-263.993612	-233.464446
10293.840000	-263.933191	-233.412412
10297.920000	-263.873900	-233.361533
10302.000000	-263.815739	-233.311811
10306.080000	-263.758708	-233.263245
10310.160000	-263.702807	-233.215835
10314.240000	-263.661449	-233.169581
10318.320000	-263.634353	-233.124483
10322.400000	-263.603809	-233.080541
10326.480000	-263.569549	-233.037755
10330.560000	-263.531286	-232.996126
10334.640000	-263.488719	-232.955652
10338.720000	-263.441239	-232.916335
10342.800000	-263.391944	-232.878174
10346.880000	-263.343650	-232.841169
10350.960000	-263.296355	-232.805320
10355.040000	-263.250057	-232.770627
10359.120000	-263.204756	-232.737090
10363.200000	-263.160451	-232.704709
10367.280000	-263.117141	-232.673485
10371.360000	-263.074823	-232.643416
10375.440000	-263.033498	-232.614504
10379.520000	-262.993164	-232.586748
10383.600000	-262.947208	-232.558514
10387.680000	-262.886382	-232.538240
10391.760000	-262.848014	-232.535202
10395.840000	-262.808272	-232.532451
10399.920000	-262.766895	-232.529989
10404.000000	-262.723974	-232.527814
10408.080000	-262.684222	-232.525927
10412.160000	-262.637598	-232.524328
10416.240000	-262.578697	-232.523017
10420.320000	-262.518522	-232.521993
10424.400000	-262.463791	-232.521258
10428.480000	-262.407097	-232.520810
10432.560000	-262.348383	-232.520651
10436.640000	-262.287593	-232.520779
10440.720000	-262.224668	-232.521195
10444.800000	-262.159547	-232.521899
10448.880000	-262.092171	-232.522891
10452.960000	-262.022474	-232.524171
10457.040000	-261.979708	-232.525738
10461.120000	-262.001817	-232.527594
10465.200000	-262.015124	-232.529737
10469.280000	-261.946823	-232.532169
10473.360000	-261.856903	-232.534888
10477.440000	-261.767442	-232.537895
10481.520000	-261.678440	-232.541190
10485.600000	-261.458396	-232.544773
10489.680000	-261.237374	-232.548643
10493.760000	-261.162676	-232.552802
10497.840000	-261.087260	-232.557249
10501.920000	-261.022118	-232.561983
10506.000000	-260.957251	-232.567005
10510.080000	-260.892659	-232.572315
10514.160000	-260.824898	-232.574470
10518.240000	-260.753966	-232.573465
10522.320000	-260.681940	-232.571380
10526.400000	-260.608821	-232.568215
10530.480000	-260.575715	-232.563968
10534.560000	-260.545572	-232.558641
10538.640000	-260.583312	-232.552233
10542.720000	-260.627433	-232.553641
10546.800000	-259.793633	-232.560832
10550.880000	-259.241418	-232.564037
10554.960000	-259.259871	-232.563256
10559.040000	-259.505927	-232.558491
10563.120000	-259.867433	-232.549739
10567.200000	-260.223726	-232.537003
10571.280000	-260.407473	-232.520281
10575.360000	-260.544140	-232.499573
10579.440000	-260.713416	-232.474880
10583.520000	-260.920077	-232.446202
10587.600000	-261.335124	-232.413538
10591.680000	-261.759944	-232.376888
10595.760000	-262.195141	-232.336254
10599.840000	-262.501759	-232.291633
10603.920000	-262.472221	-232.243027
10608.000000	-262.438002	-232.190436
10612.080000	-262.399112	-232.133859
10616.160000	-262.355562	-232.073297
10620.240000	-262.365261	-232.008749
10624.320000	-262.365556	-231.940216
10628.400000	-262.342721	-231.867697
10632.480000	-262.298414	-231.791192
10636.560000	-262.234146	-231.710702
10640.640000	-262.151296	-231.626227
10644.720000	-262.047585	-231.533862
10648.800000	-261.940211	-231.430108
10652.880000	-261.832752	-231.326709
10656.960000	-261.725217	-231.223667
10661.040000	-261.617613	-231.120980
10665.120000	-261.509941	-231.018644
10669.200000	-261.402098	-230.916546
10673.280000	-261.294201	-230.814799
10677.360000	-261.186259	-230.713402
10681.440000	-261.078277	-230.612356
10685.520000	-260.970263	-230.511660
10689.600000	-260.862222	-230.411314
10693.680000	-260.819846	-230.311319
10697.760000	-260.759152	-230.234054
10701.840000	-260.652431	-230.198809
10705.920000	-260.313518	-230.163810
10710.000000	-259.878912	-230.129057
10714.080000	-259.434113	-230.094549
10718.160000	-257.086499	-230.060287
10722.240000	-254.705170	-230.026270
10726.320000	-249.844739	-229.992499
10730.400000	-248.742811	-229.958974
10734.480000	-248.782695	-229.925694
10738.560000	-248.807070	-229.892660
10742.640000	-248.813219	-229.859872
10746.720000	-249.059838	-229.827329
10750.800000	-249.825085	-229.795031
10754.880000	-250.657041	-229.762980
10758.960000	-251.563832	-229.731173
10763.040000	-252.554792	-229.699613
10767.120000	-253.640615	-229.668298
10771.200000	-254.833488	-229.637229
10775.280000	-256.185807	-229.645089
10779.360000	-257.685743	-229.664989
10783.440000	-258.278574	-229.684573
10787.520000	-258.276485	-229.703839
10791.600000	-258.268314	-229.722788
10795.680000	-258.259208	-229.741421
10799.760000	-258.249186	-229.759736
10803.840000	-258.238266	-229.777735
10807.920000	-258.226467	-229.795417
10812.000000	-258.213806	-229.812782
10816.080000	-258.200300	-229.829830
10820.160000	-258.229536	-229.846561
10824.240000	-258.244695	-229.862975
10828.320000	-258.238912	-229.879073
10832.400000	-258.163481	-229.894853
10836.480000	-257.954236	-229.910317
10840.560000	-257.734627	-229.925464
10844.640000	-257.504271	-229.940294
10848.720000	-257.262771	-229.954807
10852.800000	-257.009709	-229.969003
10856.880000	-256.744651	-229.982882
10860.960000	-256.433888	-230.042302
10865.040000	-255.979444	-230.115167
10869.120000	-255.726692	-230.190061
10873.200000	-255.775112	-230.266986
10877.280000	-255.477789	-230.345942
10881.360000	-255.182820	-230.426928
10885.440000	-254.890202	-230.509944
10889.520000	-254.599937	-230.594991
10893.600000	-251.837224	-230.682068
10897.680000	-251.924072	-230.771175
10901.760000	-250.363809	-230.894633
10905.840000	-251.929252	-231.068236
10909.920000	-252.236273	-231.242660
10914.000000	-251.334575	-231.417905
10918.080000	-250.676188	-231.593971
10922.160000	-251.169076	-231.770858
10926.240000	-251.673334	-231.948566
10930.320000	-252.189493	-232.127095
10934.400000	-252.723943	-232.306446
10938.480000	-253.265873	-232.486617
10942.560000	-253.809594	-232.667610
10946.640000	-254.451623	-232.849423
10950.720000	-254.890735	-233.032058
10954.800000	-255.419916	-233.215514
10958.880000	-255.797821	-233.399791
10962.960000	-256.051981	-233.584888
10967.040000	-256.351600	-233.770808
10971.120000	-256.671741	-233.957548
10975.200000	-256.990908	-234.145109
10979.280000	-257.309125	-234.333491
10983.360000	-257.626415	-234.522695
10987.440000	-257.942801	-234.712719
10991.520000	-258.223162	-234.903565
10995.600000	-258.442218	-235.095231
10999.680000	-258.662159	-235.287719
11003.760000	-258.882986	-235.481028
11007.840000	-259.104699	-235.675158
11011.920000	-259.327298	-235.870109
11016.000000	-259.550783	-236.065881
11020.080000	-259.770116	-236.257435
11024.160000	-259.973538	-236.433012
11028.240000	-260.175442	-236.607006
11032.320000	-260.436113	-236.758328
11036.400000	-260.767267	-236.909840
11040.480000	-261.101192	-237.061541
11044.560000	-261.437936	-237.213431
11048.640000	-261.777552	-237.365511
11052.720000	-262.120090	-237.517780
11056.800000	-262.465604	-237.670237
11060.880000	-262.814147	-237.822885
11064.960000	-263.165775	-237.975721
11069.040000	-263.487649	-238.128746
11073.120000	-263.722347	-238.281961
11077.200000	-263.940851	-238.435365
11081.280000	-264.159162	-238.588958
11085.360000	-264.370280	-238.742740
11089.440000	-264.579756	-238.896712
11093.520000	-264.789445	-239.050873
11097.600000	-264.999346	-239.205223
11101.680000	-265.247920	-239.359762
11105.760000	-265.465126	-239.514490
11109.840000	-265.682127	-239.669408
11113.920000	-265.899065	-239.824514
11118.000000	-266.116381	-239.979810
11122.080000	-266.334075	-240.135295
11126.160000	-266.552148	-240.290970
11130.240000	-266.770601	-240.446833
11134.320000	-266.989434	-240.602886
11138.400000	-267.208649	-240.759128
11142.480000	-267.428246	-240.915559
11146.560000	-267.648225	-241.072180
11150.640000	-267.868588	-241.228990
11154.720000	-268.089335	-241.385988
11158.800000	-268.342779	-241.547594
11162.880000	-268.661333	-241.712126
11166.960000	-268.996624	-241.877694
11171.040000	-269.358152	-242.044299
11175.120000	-269.723080	-242.211940
11179.200000	-270.091433	-242.380618
11183.280000	-270.458211	-242.545311
11187.360000	-270.824707	-242.707293
11191.440000	-271.193049	-242.868669
11195.520000	-271.539552	-243.029442
11199.600000	-271.867907	-243.189610
11203.680000	-272.197484	-243.349173
11207.760000	-272.528307	-243.508132
11211.840000	-272.860402	-243.666487
11215.920000	-273.193793	-243.824237
11220.000000	-273.528506	-243.981382
11224.080000	-273.864566	-244.137923
11228.160000	-274.201999	-244.293859
11232.240000	-274.540832	-244.449191
11236.320000	-274.883250	-244.603919
11240.400000	-275.260104	-244.758042
11244.480000	-275.642099	-244.911560
11248.560000	-276.027224	-245.064474
11252.640000	-276.414913	-245.216784
11256.720000	-276.805217	-245.368489
11260.800000	-277.198185	-245.519589
11264.880000	-277.593869	-245.670085
11268.960000	-277.992318	-245.819976
11273.040000	-278.377362	-245.969263
11277.120000	-278.704210	-246.117946
11281.200000	-279.030691	-246.266024
11285.280000	-279.341685	-246.398379
11289.360000	-279.619036	-246.500824
11293.440000	-279.877256	-246.603602
11297.520000	-280.089570	-246.706711
11301.600000	-280.301913	-246.810153
11305.680000	-280.509051	-246.913927
11309.760000	-280.716856	-247.018032
11313.840000	-280.925330	-247.122470
11317.920000	-281.134472	-247.227240
11322.000000	-281.344286	-247.332341
11326.080000	-281.554772	-247.437775
11330.160000	-281.765932	-247.543541
11334.240000	-281.977767	-247.649639
11338.320000	-282.190279	-247.756069
11342.400000	-282.893248	-247.860995
11346.480000	-283.643145	-247.951984
11350.560000	-283.996433	-248.043572
11354.640000	-284.288248	-248.135759
11358.720000	-284.581768	-248.228546
11362.800000	-284.876945	-248.321933
11366.880000	-285.214533	-248.415919
11370.960000	-285.608786	-248.510504
11375.040000	-285.984746	-248.605689
11379.120000	-286.190656	-248.701474
11383.200000	-286.395872	-248.797858
11387.280000	-286.598960	-248.894842
11391.360000	-286.802666	-248.992425
11395.440000	-287.006988	-249.090607
11399.520000	-287.211926	-249.189389
11403.600000	-287.417482	-249.288771
11407.680000	-287.623653	-249.388752
11411.760000	-287.830442	-249.489333
11415.840000	-288.025306	-249.577972
11419.920000	-288.220039	-249.666463
11424.000000	-288.414779	-249.754944
11428.080000	-288.609526	-249.843414
11432.160000	-288.804280	-249.931874
11436.240000	-288.999040	-250.020324
11440.320000	-289.193808	-250.108764
11444.400000	-289.388985	-250.197194
11448.480000	-289.584530	-250.285613
11452.560000	-289.779978	-250.374022
11456.640000	-289.975330	-250.462421
11460.720000	-290.170585	-250.550809
11464.800000	-290.365744	-250.639187
11468.880000	-290.560806	-250.727556
11472.960000	-290.755772	-250.815913
11477.040000	-290.950642	-250.904261
11481.120000	-291.119085	-250.992598
11485.200000	-291.195761	-251.080925
11489.280000	-291.265501	-251.169242
11493.360000	-291.335193	-251.257549
11497.440000	-291.404881	-251.345845
11501.520000	-291.474565	-251.434131
11505.600000	-291.515452	-251.493614
11509.680000	-291.531356	-251.528108
11513.760000	-291.546480	-251.561816
11517.840000	-291.560824	-251.594738
11521.920000	-291.574388	-251.626873
11526.000000	-291.662800	-251.658222
11530.080000	-291.766684	-251.688784
11534.160000	-291.869906	-251.718561
11538.240000	-291.972465	-251.747551
11542.320000	-292.048750	-251.750147
11546.400000	-292.080357	-251.738756
11550.480000	-292.104898	-251.727610
11554.560000	-292.129739	-251.716709
11558.640000	-292.154879	-251.706054
11562.720000	-292.180319	-251.695644
11566.800000	-292.206058	-251.685479
11570.880000	-292.232097	-251.675559
11574.960000	-292.258436	-251.665884
11579.040000	-292.285074	-251.656455
11583.120000	-292.312013	-251.647271
11587.200000	-292.336480	-251.638332
11591.280000	-292.360456	-251.629639
11595.360000	-292.384568	-251.621190
11599.440000	-292.408815	-251.612987
11603.520000	-292.433194	-251.605029
11607.600000	-292.457702	-251.597316
11611.680000	-292.482338	-251.589849
11615.760000	-292.502674	-251.582626
11619.840000	-292.493042	-251.575649
11623.920000	-292.483646	-251.568917
11628.000000	-292.474487	-251.562431
11632.080000	-292.465564	-251.556189
11636.160000	-292.456879	-251.550193
11640.240000	-292.448430	-251.544442
11644.320000	-292.440218	-251.538936
11648.400000	-292.432243	-251.533676
11652.480000	-292.424505	-251.528660
11656.560000	-292.417004	-251.523890
11660.640000	-292.409739	-251.519366
11664.720000	-292.402712	-251.515086
11668.800000	-292.420506	-251.535636
11672.880000	-292.431452	-251.549347
11676.960000	-292.440778	-251.561445
11681.040000	-292.448483	-251.571931
11685.120000	-292.454569	-251.580805
11689.200000	-292.459033	-251.588067
11693.280000	-292.461878	-251.593717
11697.360000	-292.463102	-251.597754
11701.440000	-292.462705	-251.600179
11705.520000	-292.460609	-251.600992
11709.600000	-292.456869	-251.600193
11713.680000	-292.451515	-251.597781
11717.760000	-292.444546	-251.593757
11721.840000	-292.435963	-251.588121
11725.920000	-292.425765	-251.580873
11730.000000	-292.413953	-251.572012
11734.080000	-292.400526	-251.561539
11738.160000	-292.385485	-251.549454
11742.240000	-292.368830	-251.535757
11746.320000	-292.350560	-251.520448
11750.400000	-292.330676	-251.503526
11754.480000	-292.309178	-251.484992
11758.560000	-292.329075	-251.464846
11762.640000	-292.356601	-251.443087
11766.720000	-292.382469	-251.419717
11770.800000	-292.377693	-251.394734
11774.880000	-292.299144	-251.368138
11778.960000	-292.219025	-251.339931
11783.040000	-292.137339	-251.310111
11787.120000	-292.079070	-251.278679
11791.200000	-292.043041	-251.245635
11795.280000	-292.005398	-251.210978
11799.360000	-292.008451	-251.217019
11803.440000	-292.012234	-251.223793
11807.520000	-292.015471	-251.230024
11811.600000	-292.018163	-251.235711
11815.680000	-292.020310	-251.240855
11819.760000	-292.021911	-251.245456
11823.840000	-292.022967	-251.249513
11827.920000	-292.019298	-251.248729
11832.000000	-292.007918	-251.240194
11836.080000	-291.995548	-251.230668
11840.160000	-291.982187	-251.220152
11844.240000	-291.967835	-251.208645
11848.320000	-291.950009	-251.196147
11852.400000	-291.918346	-251.182658
11856.480000	-291.881685	-251.168179
11860.560000	-291.839398	-251.152708
11864.640000	-291.782494	-251.136248
11868.720000	-291.709975	-251.118796
11872.800000	-291.620767	-251.100354
11876.880000	-291.513714	-251.080921
11880.960000	-291.387572	-251.060498
11885.040000	-291.276032	-251.039083
11889.120000	-291.291138	-251.016679
11893.200000	-291.304690	-250.993283
11897.280000	-291.316695	-250.968897
11901.360000	-291.327157	-250.943519
11905.440000	-291.336083	-250.917152
11909.520000	-291.343477	-250.889793
11913.600000	-291.349344	-250.861444
11917.680000	-291.353691	-250.832104
11921.760000	-291.356522	-250.801774
11925.840000	-291.381416	-250.794026
11929.920000	-291.418745	-250.799228
11934.000000	-291.455272	-250.804138
11938.080000	-291.491001	-250.808756
11942.160000	-291.525938	-250.813082
11946.240000	-291.560088	-250.817115
11950.320000	-291.593455	-250.820856
11954.400000	-291.626045	-250.824305
11958.480000	-291.657861	-250.827461
11962.560000	-291.688908	-250.830326
11966.640000	-291.719192	-250.832898
11970.720000	-291.748716	-250.835178
11974.800000	-291.777485	-250.837165
11978.880000	-291.805504	-250.838860
11982.960000	-291.832777	-250.840264
11987.040000	-291.859309	-250.841374
11991.120000	-291.893071	-250.850161
11995.200000	-291.928121	-250.860677
11999.280000	-291.962442	-250.870900
12003.360000	-291.996038	-250.880829
12007.440000	-292.028913	-250.890466
12011.520000	-292.061070	-250.899811
12015.600000	-292.092515	-250.908862
12019.680000	-292.123251	-250.917620
12023.760000	-292.153283	-250.926086
12027.840000	-292.161141	-250.934258
12031.920000	-292.154992	-250.942138
12036.000000	-292.144544	-250.949725
12040.080000	-292.129642	-250.957019
12044.160000	-292.110121	-250.964020
12048.240000	-292.085812	-250.970728
12052.320000	-292.066950	-250.987557
12056.400000	-292.066511	-251.027666
12060.480000	-292.061249	-251.068003
12064.560000	-292.050966	-251.108566
12068.640000	-292.035453	-251.149357
12072.720000	-292.072613	-251.190374
12076.800000	-292.126816	-251.231619
12080.880000	-292.181255	-251.273091
12084.960000	-292.235929	-251.314790
12089.040000	-292.290838	-251.356717
12093.120000	-292.345982	-251.398870
12097.200000	-292.375668	-251.441250
12101.280000	-292.367846	-251.483858
12105.360000	-292.359666	-251.526693
12109.440000	-292.351146	-251.569755
12113.520000	-292.342307	-251.613044
12117.600000	-292.333168	-251.656560
12121.680000	-292.341412	-251.700303
12125.760000	-292.601783	-251.744274
12129.840000	-292.675102	-251.788471
12133.920000	-292.647878	-251.832896
12138.000000	-292.620886	-251.877548
12142.080000	-292.594132	-251.922427
12146.160000	-292.610543	-251.967533
12150.240000	-292.713860	-252.012420
12154.320000	-292.814808	-252.054811
12158.400000	-292.810156	-252.095757
12162.480000	-292.793259	-252.135256
12166.560000	-292.774912	-252.173310
12170.640000	-292.755115	-252.209918
12174.720000	-292.733873	-252.245080
12178.800000	-292.711187	-252.278797
12182.880000	-292.693872	-252.317878
12186.960000	-292.782468	-252.356847
12191.040000	-293.108857	-252.395604
12195.120000	-293.435240	-252.434150
12199.200000	-293.758369	-252.472485
12203.280000	-294.078587	-252.510609
12207.360000	-294.395537	-252.548522
12211.440000	-294.708465	-252.586224
12215.520000	-295.016525	-252.623715
12219.600000	-294.992557	-252.660995
12223.680000	-294.966701	-252.698063
12227.760000	-294.939927	-252.734921
12231.840000	-294.912263	-252.771567
12235.920000	-294.883737	-252.808003
12240.000000	-294.854375	-252.844227
12244.080000	-294.824203	-252.880240
12248.160000	-294.793245	-252.916043
12252.240000	-294.761527	-252.951634
12256.320000	-294.729071	-252.987014
12260.400000	-294.695901	-253.022183
12264.480000	-294.662038	-253.057140
12268.560000	-294.627504	-253.091887
12272.640000	-294.613294	-253.126423
12276.720000	-294.650263	-253.160747
12280.800000	-294.686956	-253.194861
12284.880000	-294.723372	-253.228763
12288.960000	-294.759512	-253.262455
12293.040000	-294.795376	-253.295935
12297.120000	-294.481663	-253.329204
12301.200000	-294.510328	-253.362262
12305.280000	-294.598053	-253.395109
12309.360000	-294.673355	-253.404325
12313.440000	-294.908729	-253.407206
12317.520000	-294.915652	-253.413783
12321.600000	-294.922568	-253.420353
12325.680000	-294.929476	-253.426918
12329.760000	-294.936377	-253.433476
12333.840000	-294.943271	-253.440029
12337.920000	-294.950158	-253.446576
12342.000000	-294.957037	-253.453117
12346.080000	-294.965370	-253.459653
12350.160000	-295.049839	-253.466182
12354.240000	-295.133876	-253.472706
12358.320000	-295.217483	-253.479223
12362.400000	-295.300663	-253.485735
12366.480000	-295.383416	-253.492241
12370.560000	-295.465747	-253.498741
12374.640000	-295.547656	-253.505236
12378.720000	-295.629146	-253.511724
12382.800000	-295.710219	-253.518207
12386.880000	-295.790877	-253.524684
12390.960000	-295.871122	-253.531155
12395.040000	-295.950957	-253.537620
12399.120000	-296.030382	-253.544079
12403.200000	-296.109401	-253.550532
12407.280000	-296.188016	-253.556980
12411.360000	-296.266228	-253.563421
12415.440000	-296.315661	-253.569857
12419.520000	-296.333574	-253.576287
12423.600000	-296.351463	-253.582711
12427.680000	-296.369326	-253.589130
12431.760000	-296.387163	-253.595542
12435.840000	-296.397777	-253.594750
12439.920000	-296.394498	-253.580085
12444.000000	-296.390864	-253.565084
12448.080000	-296.386874	-253.549747
12452.160000	-296.382527	-253.534073
12456.240000	-296.377825	-253.518062
12460.320000	-296.372768	-253.501715
12464.400000	-296.367354	-253.485031
12468.480000	-296.361584	-253.468011
12472.560000	-296.355345	-253.450541
12476.640000	-296.336723	-253.420706
12480.720000	-296.318226	-253.391017
12484.800000	-296.299857	-253.361473
12488.880000	-296.281614	-253.332076
12492.960000	-296.263497	-253.302823
12497.040000	-296.245507	-253.273717
12501.120000	-296.227644	-253.244756
12505.200000	-296.209907	-253.215941
12509.280000	-296.192297	-253.187271
12513.360000	-296.174813	-253.158748
12517.440000	-296.157456	-253.130369
12521.520000	-296.140226	-253.102137
12525.600000	-296.123123	-253.074050
12529.680000	-296.106147	-253.046109
12533.760000	-296.089297	-253.018313
12537.840000	-296.072574	-252.990664
12541.920000	-296.055978	-252.963159
12546.000000	-296.038952	-252.935801
12550.080000	-296.020201	-252.908588
12554.160000	-296.001597	-252.881521
12558.240000	-295.983139	-252.854600
12562.320000	-295.964630	-252.827625
12566.400000	-295.940528	-252.795057
12570.480000	-295.917375	-252.763436
12574.560000	-295.895169	-252.732762
12578.640000	-295.873912	-252.703035
12582.720000	-295.853604	-252.674255
12586.800000	-295.834244	-252.646423
12590.880000	-295.815832	-252.619538
12594.960000	-295.798368	-252.593600
12599.040000	-295.781853	-252.568609
12603.120000	-295.766286	-252.544565
12607.200000	-295.751667	-252.521469
12611.280000	-295.737997	-252.499320
12615.360000	-295.725275	-252.478118
12619.440000	-295.713501	-252.457864
12623.520000	-295.702676	-252.438556
12627.600000	-295.692799	-252.420196
12631.680000	-295.683870	-252.402783
12635.760000	-295.678830	-252.389257
12639.840000	-295.667874	-252.380950
12643.920000	-295.641477	-252.373473
12648.000000	-295.615899	-252.366828
12652.080000	-295.591141	-252.361013
12656.160000	-295.567202	-252.356029
12660.240000	-295.544083	-252.351876
12664.320000	-295.521783	-252.348553
12668.400000	-295.500304	-252.346062
12672.480000	-295.479645	-252.344401
12676.560000	-295.459806	-252.343572
12680.640000	-295.440788	-252.343573
12684.720000	-295.422591	-252.344405
12688.800000	-295.405215	-252.346068
12692.880000	-295.406374	-252.366277
12696.960000	-295.414395	-252.393356
12701.040000	-295.422277	-252.420306
12705.120000	-295.430022	-252.447128
12709.200000	-295.437629	-252.473821
12713.280000	-295.445098	-252.500386
12717.360000	-295.451888	-252.526822
12721.440000	-295.458496	-252.553130
12725.520000	-295.464984	-252.579309
12729.600000	-295.471351	-252.605360
12733.680000	-295.477598	-252.631282
12737.760000	-295.483725	-252.657076
12741.840000	-295.489731	-252.682741
12745.920000	-295.495617	-252.708277
12750.000000	-295.501382	-252.733685
12754.080000	-295.507028	-252.758965
12758.160000	-295.512553	-252.784116
12762.240000	-295.501757	-252.809138
12766.320000	-295.486717	-252.834032
12770.400000	-295.471564	-252.858797
12774.480000	-295.456297	-252.883434
12778.560000	-295.440918	-252.907943
12782.640000	-295.425428	-252.932322
12786.720000	-295.409827	-252.956574
12790.800000	-295.394114	-252.980696
12794.880000	-295.378292	-253.004690
12798.960000	-295.350143	-253.016339
12803.040000	-295.317715	-253.023689
12807.120000	-295.284104	-253.029835
12811.200000	-295.249310	-253.034779
12815.280000	-295.213335	-253.038519
12819.360000	-295.167203	-253.032082
12823.440000	-295.107829	-253.012381
12827.520000	-295.048037	-252.992238
12831.600000	-294.984380	-252.971655
12835.680000	-294.917187	-252.950629
12839.760000	-294.016592	-252.929163
12843.840000	-293.572735	-252.907255
12847.920000	-294.447865	-252.884906
12852.000000	-294.641544	-252.862115
12856.080000	-294.570017	-252.838883
12860.160000	-294.498085	-252.815209
12864.240000	-294.425748	-252.791094
12868.320000	-294.353006	-252.766538
12872.400000	-294.279858	-252.741541
12876.480000	-294.206305	-252.716102
12880.560000	-294.132346	-252.690221
12884.640000	-294.057982	-252.663899
12888.720000	-293.983213	-252.637136
12892.800000	-293.908038	-252.609932
12896.880000	-293.832457	-252.582286
12900.960000	-293.756471	-252.554198
12905.040000	-293.680079	-252.525669
12909.120000	-293.603281	-252.496699
12913.200000	-293.526078	-252.467288
12917.280000	-293.448469	-252.437435
12921.360000	-293.370454	-252.407140
12925.440000	-293.292034	-252.376405
12929.520000	-293.213207	-252.345227
12933.600000	-293.133975	-252.313609
12937.680000	-293.054337	-252.281549
12941.760000	-292.974293	-252.249048
12945.840000	-292.893843	-252.216105
12949.920000	-292.813631	-252.183365
12954.000000	-292.739451	-252.156622
12958.080000	-292.663849	-252.128421
12962.160000	-292.588977	-252.100915
12966.240000	-292.513598	-252.074103
12970.320000	-292.438624	-252.047987
12974.400000	-291.991151	-252.022566
12978.480000	-291.539563	-251.997840
12982.560000	-291.092034	-251.973808
12986.640000	-290.649078	-251.950472
12990.720000	-290.074712	-251.927830
12994.800000	-289.347981	-251.905884
12998.880000	-289.072676	-251.884633
13002.960000	-288.916777	-251.864076
13007.040000	-288.689079	-251.844214
13011.120000	-288.493719	-251.825048
13015.200000	-288.526314	-251.806576
13019.280000	-288.545010	-251.788800
13023.360000	-288.096152	-251.771718
13027.440000	-288.079381	-251.755331
13031.520000	-288.063067	-251.739640
13035.600000	-288.047208	-251.724643
13039.680000	-288.031801	-251.710341
13043.760000	-288.016665	-251.696735
13047.840000	-288.000325	-251.683823
13051.920000	-288.023271	-251.671606
13056.000000	-288.210525	-251.660084
13060.080000	-288.372274	-251.649257
13064.160000	-288.510483	-251.639126
13068.240000	-288.523753	-251.629689
13072.320000	-288.471930	-251.620947
13076.400000	-288.420819	-251.612900
13080.480000	-288.370421	-251.605548
13084.560000	-288.318389	-251.596544
13088.640000	-288.265673	-251.586835
13092.720000	-288.213274	-251.577422
13096.800000	-288.161194	-251.568306
13100.880000	-288.109432	-251.559485
13104.960000	-288.057990	-251.550960
13109.040000	-287.972023	-251.507886
13113.120000	-287.886293	-251.463890
13117.200000	-287.914443	-251.419480
13121.280000	-287.942251	-251.374657
13125.360000	-287.969712	-251.329419
13129.440000	-287.876052	-251.283766
13133.520000	-287.753310	-251.237700
13137.600000	-287.649485	-251.191219
13141.680000	-287.632432	-251.144324
13145.760000	-287.614779	-251.097015
13149.840000	-287.596521	-251.049292
13153.920000	-287.577655	-251.001155
13158.000000	-287.558177	-250.952603
13162.080000	-287.538081	-250.903637
13166.160000	-287.517363	-250.854257
13170.240000	-287.496020	-250.804463
13174.320000	-287.474045	-250.754255
13178.400000	-287.451435	-250.703632
13182.480000	-287.428185	-250.652596
13186.560000	-287.402686	-250.601145
13190.640000	-287.374479	-250.549280
13194.720000	-287.344648	-250.497000
13198.800000	-287.218926	-250.444307
13202.880000	-286.984049	-250.391199
13206.960000	-286.037619	-250.337677
13211.040000	-286.248542	-250.283741
13215.120000	-286.258702	-250.201617
13219.200000	-285.944722	-250.063098
13223.280000	-285.630816	-249.923117
13227.360000	-285.316969	-249.781673
13231.440000	-285.003163	-249.638768
13235.520000	-284.689384	-249.494400
13239.600000	-284.375615	-249.348569
13243.680000	-284.061840	-249.201277
13247.760000	-283.748045	-249.052522
13251.840000	-283.434213	-248.902304
13255.920000	-283.120329	-248.750625
13260.000000	-282.795228	-248.586493
13264.080000	-282.356993	-248.377491
13268.160000	-281.877929	-248.169098
13272.240000	-281.401878	-247.961316
13276.320000	-280.928927	-247.754143
13280.400000	-280.459150	-247.547580
13284.480000	-279.992608	-247.341627
13288.560000	-279.529352	-247.136283
13292.640000	-279.086697	-246.931550
13296.720000	-278.746617	-246.727426
13300.800000	-278.408274	-246.523912
13304.880000	-278.071653	-246.321009
13308.960000	-277.736741	-246.118714
13313.040000	-277.403525	-245.917030
13317.120000	-277.071991	-245.715956
13321.200000	-276.742127	-245.515491
13325.280000	-276.413920	-245.315636
13329.360000	-276.067701	-245.116392
13333.440000	-275.678947	-244.917757
13337.520000	-275.024631	-244.719731
13341.600000	-274.351674	-244.522316
13345.680000	-273.692747	-244.325510
13349.760000	-273.132083	-244.150764
13353.840000	-272.755614	-243.975777
13357.920000	-272.379459	-243.800202
13362.000000	-272.003613	-243.624040
13366.080000	-271.628073	-243.447291
13370.160000	-271.252834	-243.269954
13374.240000	-271.414175	-243.092030
13378.320000	-271.616800	-242.913519
13382.400000	-271.208632	-242.734420
13386.480000	-270.787362	-242.554735
13390.560000	-270.352429	-242.374461
13394.640000	-269.903244	-242.193601
13398.720000	-269.441923	-242.012153
13402.800000	-269.040640	-241.830118
13406.880000	-268.771715	-241.647496
13410.960000	-268.501810	-241.464286
13415.040000	-268.030002	-241.291308
13419.120000	-267.796477	-241.135441
13423.200000	-267.660366	-240.981598
13427.280000	-267.436950	-240.829781
13431.360000	-267.016620	-240.679988
13435.440000	-266.871306	-240.532221
13439.520000	-266.774357	-240.386478
13443.600000	-266.743680	-240.242761
13447.680000	-266.652441	-240.101069
13451.760000	-266.510991	-239.961402
13455.840000	-266.316985	-239.823760
13459.920000	-265.987660	-239.688142
13464.000000	-265.839411	-239.554550
13468.080000	-265.666239	-239.422983
13472.160000	-265.454174	-239.293441
13476.240000	-265.244530	-239.165925
13480.320000	-265.149358	-239.073202
13484.400000	-265.076073	-238.999926
13488.480000	-265.002123	-238.927328
13492.560000	-264.926874	-238.855409
13496.640000	-264.849334	-238.784168
13500.720000	-264.744707	-238.713605
13504.800000	-264.636109	-238.643721
13508.880000	-264.527727	-238.574516
13512.960000	-264.419581	-238.505988
13517.040000	-264.311687	-238.438140
13521.120000	-264.204063	-238.370969
13525.200000	-264.096727	-238.304477
13529.280000	-263.994270	-238.238664
13533.360000	-263.907293	-238.173528
13537.440000	-263.820838	-238.109072
13541.520000	-263.734909	-238.045293
13545.600000	-263.649509	-237.982194
13549.680000	-263.564643	-237.919772
13553.760000	-263.480314	-237.858029
13557.840000	-263.396524	-237.796965
13561.920000	-263.313278	-237.736579
13566.000000	-263.230578	-237.676871
13570.080000	-263.141716	-237.613928
13574.160000	-263.041036	-237.548254
13578.240000	-262.939826	-237.482138
13582.320000	-262.838086	-237.415580
13586.400000	-262.735817	-237.348581
13590.480000	-262.633017	-237.281141
13594.560000	-262.529687	-237.213258
13598.640000	-262.425826	-237.144934
13602.720000	-262.321435	-237.076169
13606.800000	-262.216512	-237.006961
13610.880000	-262.114562	-236.940816
13614.960000	-262.020922	-236.883071
13619.040000	-261.927614	-236.825748
13623.120000	-261.834637	-236.768846
13627.200000	-261.741992	-236.712366
13631.280000	-261.649677	-236.656308
13635.360000	-261.573450	-236.600672
13639.440000	-261.501546	-236.545457
13643.520000	-261.429735	-236.490664
13647.600000	-261.467074	-236.436293
13651.680000	-262.066180	-236.382344
13655.760000	-262.560710	-236.328817
13659.840000	-262.863267	-236.275711
13663.920000	-262.827850	-236.223027
13668.000000	-262.659450	-236.170765
13672.080000	-262.636411	-236.118924
13676.160000	-262.613847	-236.067506
13680.240000	-262.591759	-236.016509
13684.320000	-262.570146	-235.965934
13688.400000	-262.549009	-235.915781
13692.480000	-262.951258	-235.866049
13696.560000	-263.414736	-235.816739
13700.640000	-263.894116	-235.767851
13704.720000	-264.389533	-235.719385
13708.800000	-264.900986	-235.671341
13712.880000	-265.072402	-235.623718
13716.960000	-265.040475	-235.576517
13721.040000	-265.008954	-235.529738
13725.120000	-265.009146	-235.514687
13729.200000	-265.016496	-235.506811
13733.280000	-265.020579	-235.498674
13737.360000	-265.015371	-235.490276
13741.440000	-265.009531	-235.481616
13745.520000	-265.009926	-235.479568
13749.600000	-265.010701	-235.478283
13753.680000	-265.011581	-235.477490
13757.760000	-265.012557	-235.477190
13761.840000	-265.013624	-235.477382
13765.920000	-265.014776	-235.478066
13770.000000	-265.016005	-235.479243
13774.080000	-265.017306	-235.480912
13778.160000	-265.018671	-235.483073
13782.240000	-265.020094	-235.485727
13786.320000	-265.021567	-235.488873
13790.400000	-265.023083	-235.492511
13794.480000	-265.024636	-235.496642
13798.560000	-264.862185	-235.501264
13802.640000	-264.969730	-235.506380
13806.720000	-265.074697	-235.511987
13810.800000	-265.177155	-235.518087
13814.880000	-265.643619	-235.524679
13818.960000	-265.716788	-235.531764
13823.040000	-265.789094	-235.539341
13827.120000	-265.563255	-235.547410
13831.200000	-265.654170	-235.555971
13835.280000	-265.786399	-235.565025
13839.360000	-265.925290	-235.574571
13843.440000	-266.053051	-235.584609
13847.520000	-266.170306	-235.595140
13851.600000	-266.131293	-235.606163
13855.680000	-266.021264	-235.617679
13859.760000	-265.870491	-235.629687
13863.840000	-265.869686	-235.642187
13867.920000	-266.078317	-235.655179
13872.000000	-266.242373	-235.668664
13876.080000	-266.318734	-235.667100
13880.160000	-266.384835	-235.678702
13884.240000	-266.458805	-235.691438
13888.320000	-266.721000	-235.705306
13892.400000	-266.987321	-235.720307
13896.480000	-267.080357	-235.736441
13900.560000	-267.170753	-235.753708
13904.640000	-267.262268	-235.772108
13908.720000	-267.460737	-235.791641
13912.800000	-268.028777	-235.812306
13916.880000	-268.611271	-235.834105
13920.960000	-268.923295	-235.857037
13925.040000	-269.195730	-235.881102
13929.120000	-269.472992	-235.906300
13933.200000	-269.755163	-235.932631
13937.280000	-269.595370	-235.960094
13941.360000	-269.929104	-235.988691
13945.440000	-270.257415	-236.018421
13949.520000	-270.591643	-236.049284
13953.600000	-270.931881	-236.081279
13957.680000	-271.278219	-236.114408
13961.760000	-271.630751	-236.148670
13965.840000	-272.370236	-236.184064
13969.920000	-272.694854	-236.220592
13974.000000	-272.784474	-236.258253
13978.080000	-273.104671	-236.297047
13982.160000	-273.351081	-236.336973
13986.240000	-273.361756	-236.378033
13990.320000	-273.370245	-236.420226
13994.400000	-273.376709	-236.463552
13998.480000	-273.381298	-236.508010
14002.560000	-273.447618	-236.553602
14006.640000	-273.535397	-236.588249
14010.720000	-273.594835	-236.594406
14014.800000	-273.653812	-236.599952
14018.880000	-273.712327	-236.604885
14022.960000	-273.770382	-236.609208
14027.040000	-273.827976	-236.612918
14031.120000	-273.863243	-236.615619
14035.200000	-273.841369	-236.616418
14039.280000	-273.819306	-236.617156
14043.360000	-273.797056	-236.617832
14047.440000	-273.774623	-236.618446
14051.520000	-273.752007	-236.618999
14055.600000	-273.729211	-236.619490
14059.680000	-273.706344	-236.619919
14063.760000	-273.683430	-236.620287
14067.840000	-273.660367	-236.620593
14071.920000	-273.637157	-236.620838
14076.000000	-273.613800	-236.621021
14080.080000	-273.590299	-236.621142
14084.160000	-273.566655	-236.621202
14088.240000	-273.542869	-236.621200
14092.320000	-273.518943	-236.621136
14096.400000	-273.494877	-236.621011
14100.480000	-273.470589	-236.620824
14104.560000	-273.435218	-236.620575
14108.640000	-273.399707	-236.620265
14112.720000	-273.364058	-236.619893
14116.800000	-273.328274	-236.619460
14120.880000	-273.292356	-236.618965
14124.960000	-273.256307	-236.618408
14129.040000	-273.230690	-236.617789
14133.120000	-273.233784	-236.617109
14137.200000	-273.223396	-236.616368
14141.280000	-273.200337	-236.617138
14145.360000	-273.160040	-236.617562
14149.440000	-273.100981	-236.617591
14153.520000	-273.057167	-236.617226
14157.600000	-273.027085	-236.616467
14161.680000	-272.996651	-236.615313
14165.760000	-272.965865	-236.613765
14169.840000	-272.934728	-236.611822
14173.920000	-272.903239	-236.609485
14178.000000	-272.871398	-236.606753
14182.080000	-272.839205	-236.603627
14186.160000	-272.807107	-236.600553
14190.240000	-272.775694	-236.598122
14194.320000	-272.744397	-236.595764
14198.400000	-272.713215	-236.593480
14202.480000	-272.621461	-236.591269
14206.560000	-272.526839	-236.589132
14210.640000	-272.432549	-236.587068
14214.720000	-272.338594	-236.585078
14218.800000	-272.244979	-236.583161
14222.880000	-272.151706	-236.581318
14226.960000	-272.058778	-236.579548
14231.040000	-271.966198	-236.577852
14235.120000	-271.873968	-236.576230
14239.200000	-271.782092	-236.574681
14243.280000	-271.690572	-236.573205
14247.360000	-271.599409	-236.571803
14251.440000	-271.508606	-236.570475
14255.520000	-271.418166	-236.569220
14259.600000	-271.366852	-236.568038
14263.680000	-271.327816	-236.566930
14267.760000	-271.288935	-236.565896
14271.840000	-271.268446	-236.583170
14275.920000	-271.257351	-236.609758
14280.000000	-271.245819	-236.635828
14284.080000	-271.239537	-236.661379
14288.160000	-271.304832	-236.686412
14292.240000	-271.369058	-236.710926
14296.320000	-271.432199	-236.734922
14300.400000	-271.494236	-236.758399
14304.480000	-271.555148	-236.781358
14308.560000	-271.614917	-236.803798
14312.640000	-271.516350	-236.825720
14316.720000	-271.334583	-236.847124
14320.800000	-271.152911	-236.868009
14324.880000	-270.971435	-236.888375
14328.960000	-270.932907	-236.908224
14333.040000	-270.924744	-236.927553
14337.120000	-270.915792	-236.946364
14341.200000	-270.901834	-236.960434
14345.280000	-270.884505	-236.971390
14349.360000	-270.867177	-236.982599
14353.440000	-270.849856	-236.994061
14357.520000	-270.832548	-237.005777
14361.600000	-270.815258	-237.017745
14365.680000	-270.797993	-237.029967
14369.760000	-270.780756	-237.042442
14373.840000	-270.763554	-237.055170
14377.920000	-270.759418	-237.068151
14382.000000	-270.833667	-237.081385
14386.080000	-270.912994	-237.094872
14390.160000	-270.992244	-237.108613
14394.240000	-271.071421	-237.122606
14398.320000	-271.150525	-237.136853
14402.400000	-271.229120	-237.150915
14406.480000	-271.306825	-237.164409
14410.560000	-271.384532	-237.178226
14414.640000	-271.462242	-237.192365
14418.720000	-271.539956	-237.206827
14422.800000	-271.617676	-237.221611
14426.880000	-271.695404	-237.236718
14430.960000	-271.773484	-237.252147
14435.040000	-271.851372	-237.267899
14439.120000	-271.928967	-237.283974
14443.200000	-272.006275	-237.300370
14447.280000	-272.083300	-237.317090
14451.360000	-272.160048	-237.334131
14455.440000	-272.206619	-237.351496
14459.520000	-272.177604	-237.369182
14463.600000	-272.148332	-237.387192
14467.680000	-272.118823	-237.405523
14471.760000	-272.089097	-237.424178
14475.840000	-272.059176	-237.443154
14479.920000	-272.029078	-237.462454
14484.000000	-271.998823	-237.482075
14488.080000	-271.968428	-237.502020
14492.160000	-272.061474	-237.522286
14496.240000	-272.384606	-237.535270
14500.320000	-272.709315	-237.545534
14504.400000	-273.038092	-237.555560
14508.480000	-273.370936	-237.565348
14512.560000	-273.695360	-237.574899
14516.640000	-273.799742	-237.584212
14520.720000	-273.904204	-237.593287
14524.800000	-273.970664	-237.602125
14528.880000	-273.973049	-237.610725
14532.960000	-273.974690	-237.619028
14537.040000	-273.972795	-237.624234
14541.120000	-273.969532	-237.628505
14545.200000	-273.964908	-237.631841
14549.280000	-273.958929	-237.634241
14553.360000	-273.951604	-237.635705
14557.440000	-273.942939	-237.636234
14561.520000	-273.932940	-237.635828
14565.600000	-273.921615	-237.634486
14569.680000	-273.908968	-237.632209
14573.760000	-273.901871	-237.628996
14577.840000	-273.897385	-237.624848
14581.920000	-273.891944	-237.619765
14586.000000	-273.885547	-237.613746
14590.080000	-273.878193	-237.606791
14594.160000	-273.869883	-237.598901
14598.240000	-273.860618	-237.590076
14602.320000	-273.850396	-237.580315
14606.400000	-273.839219	-237.569619
14610.480000	-273.827085	-237.557987
14614.560000	-273.813996	-237.545420
14618.640000	-273.799952	-237.531917
14622.720000	-273.784952	-237.517479
14626.800000	-273.768996	-237.502105
14630.880000	-273.752085	-237.485796
14634.960000	-273.734218	-237.468551
14639.040000	-273.715396	-237.450371
14643.120000	-273.695619	-237.431256
14647.200000	-273.674887	-237.411205
14651.280000	-273.601266	-237.373140
14655.360000	-273.493679	-237.331814
14659.440000	-273.384274	-237.288586
14663.520000	-273.273054	-237.243455
14667.600000	-273.137726	-237.174127
14671.680000	-272.992942	-237.095251
14675.760000	-272.847807	-237.015929
14679.840000	-272.702323	-236.936162
14683.920000	-272.556493	-236.855950
14688.000000	-272.410319	-236.775292
14692.080000	-272.264169	-236.694189
14696.160000	-272.125591	-236.612640
14700.240000	-271.986741	-236.530646
14704.320000	-271.847617	-236.448206
14708.400000	-271.708220	-236.365321
14712.480000	-271.568549	-236.281991
14716.560000	-271.428603	-236.198215
14720.640000	-271.296292	-236.113993
14724.720000	-271.186262	-236.029326
14728.800000	-271.075823	-235.944214
14732.880000	-270.964974	-235.858657
14736.960000	-270.853716	-235.772654
14741.040000	-270.742048	-235.686205
14745.120000	-270.629971	-235.599311
14749.200000	-270.754698	-235.511972
14753.280000	-270.788789	-235.424187
14757.360000	-270.658850	-235.335957
14761.440000	-270.513947	-235.247281
14765.520000	-270.352951	-235.158160
14769.600000	-270.174645	-235.068593
14773.680000	-268.913479	-234.978581
14777.760000	-267.389290	-234.888123
14781.840000	-266.468153	-234.797221
14785.920000	-265.886696	-234.705872
14790.000000	-265.303146	-234.614078
14794.080000	-264.720508	-234.521839
14798.160000	-263.542834	-234.422558
14802.240000	-262.715388	-234.315813
14806.320000	-262.606812	-234.223304
14810.400000	-262.420693	-234.131006
14814.480000	-262.227578	-234.038921
14818.560000	-262.115764	-233.947047
14822.640000	-261.977152	-233.855385
14826.720000	-261.881057	-233.763936
14830.800000	-261.781747	-233.672697
14834.880000	-261.670883	-233.581671
14838.960000	-261.616898	-233.490857
14843.040000	-261.633503	-233.400254
14847.120000	-261.638348	-233.309864
14851.200000	-261.632149	-233.219685
14855.280000	-261.764652	-233.129718
14859.360000	-262.031789	-233.039963
14863.440000	-262.301007	-232.950420
14867.520000	-262.572526	-232.861088
14871.600000	-262.845403	-232.771969
14875.680000	-263.118491	-232.683061
14879.760000	-263.199482	-232.594365
14883.840000	-263.055476	-232.505881
14887.920000	-262.911637	-232.417609
14892.000000	-262.767972	-232.329549
14896.080000	-262.624486	-232.241701
14900.160000	-262.481254	-232.154064
14904.240000	-262.346360	-232.066640
14908.320000	-262.208686	-231.979427
14912.400000	-262.068408	-231.892426
14916.480000	-261.925695	-231.805637
14920.560000	-261.780704	-231.719060
14924.640000	-261.633584	-231.632694
14928.720000	-261.486316	-231.548379
14932.800000	-261.352028	-231.479106
14936.880000	-261.216122	-231.410153
14940.960000	-261.078721	-231.341520
14945.040000	-260.939939	-231.273207
14949.120000	-260.799884	-231.205214
14953.200000	-260.658659	-231.137540
14957.280000	-260.510324	-231.064148
14961.360000	-260.344297	-230.974364
14965.440000	-260.156750	-230.885103
14969.520000	-259.946024	-230.796364
14973.600000	-259.727749	-230.708147
14977.680000	-259.513540	-230.620452
14981.760000	-259.272368	-230.533280
14985.840000	-259.036929	-230.446630
14989.920000	-258.792421	-230.360502
14994.000000	-258.523189	-230.274896
14998.080000	-258.248972	-230.189813
15002.160000	-257.970703	-230.105252
15006.240000	-257.689206	-230.021214
15010.320000	-257.405208	-229.937697
15014.400000	-257.167725	-229.854703
15018.480000	-256.948146	-229.772231
15022.560000	-256.882440	-229.690282
15026.640000	-257.020298	-229.608855
15030.720000	-257.159667	-229.527950
15034.800000	-257.153257	-229.447567
15038.880000	-257.102006	-229.367707
15042.960000	-257.050181	-229.288369
15047.040000	-256.997739	-229.209554
15051.120000	-256.854616	-229.131260
15055.200000	-256.588211	-229.053489
15059.280000	-256.306726	-228.976241
15063.360000	-256.000783	-228.887236
15067.440000	-255.958059	-228.796813
15071.520000	-256.002698	-228.707849
15075.600000	-256.041908	-228.620343
15079.680000	-256.074710	-228.534297
15083.760000	-256.100008	-228.449709
15087.840000	-256.116578	-228.366581
15091.920000	-256.123048	-228.284911
15096.000000	-256.117884	-228.204700
15100.080000	-256.099359	-228.125948
15104.160000	-256.089790	-228.048655
15108.240000	-256.024488	-227.972820
15112.320000	-255.846844	-227.911108
15116.400000	-255.736833	-227.867350
15120.480000	-255.506989	-227.824413
15124.560000	-254.782016	-227.782298
15128.640000	-254.077093	-227.741002
15132.720000	-253.393851	-227.700528
15136.800000	-252.737861	-227.660874
15140.880000	-252.101356	-227.622042
15144.960000	-251.478924	-227.584029
15149.040000	-250.872894	-227.546838
15153.120000	-250.646493	-227.510468
15157.200000	-250.528387	-227.474918
15161.280000	-250.411653	-227.440189
15165.360000	-250.296286	-227.406281
15169.440000	-250.182280	-227.373193
15173.520000	-250.069630	-227.340927
15177.600000	-249.958332	-227.309481
15181.680000	-249.968012	-227.278856
15185.760000	-249.980812	-227.249052
15189.840000	-249.989926	-227.220068
15193.920000	-250.000713	-227.198974
15198.000000	-250.011243	-227.184394
15202.080000	-250.079460	-227.169650
15206.160000	-250.215856	-227.154742
15210.240000	-250.330219	-227.139670
15214.320000	-250.417650	-227.124435
15218.400000	-250.628089	-227.109035
15222.480000	-250.887368	-227.093472
15226.560000	-251.144119	-227.077744
15230.640000	-251.257682	-227.061853
15234.720000	-251.293147	-227.045798
15238.800000	-251.319174	-227.029579
15242.880000	-251.332862	-227.013195
15246.960000	-251.338820	-226.996648
15251.040000	-251.337531	-226.979937
15255.120000	-251.329445	-226.963063
15259.200000	-251.314985	-226.946024
15263.280000	-251.280045	-226.928821
15267.360000	-251.288594	-226.902168
15271.440000	-251.297698	-226.869325
15275.520000	-251.299070	-226.836951
15279.600000	-251.293226	-226.805047
15283.680000	-251.280653	-226.773612
15287.760000	-251.261803	-226.742646
15291.840000	-251.237101	-226.712150
15295.920000	-251.206945	-226.682123
15300.000000	-251.171706	-226.652566
15304.080000	-251.131734	-226.623478
15308.160000	-251.231168	-226.594859
15312.240000	-251.210207	-226.566710
15316.320000	-251.189526	-226.539030
15320.400000	-251.169126	-226.511820
15324.480000	-251.148622	-226.484690
15328.560000	-251.127075	-226.456703
15332.640000	-251.104637	-226.429077
15336.720000	-251.082304	-226.401813
15340.800000	-251.060105	-226.374910
15344.880000	-251.038040	-226.348369
15348.960000	-251.016113	-226.322189
15353.040000	-251.005020	-226.296371
15357.120000	-251.008604	-226.270914
15361.200000	-251.012494	-226.245819
15365.280000	-251.016690	-226.221085
15369.360000	-251.021191	-226.196713
15373.440000	-251.025998	-226.172703
15377.520000	-251.031111	-226.149054
15381.600000	-251.036531	-226.125766
15385.680000	-251.042256	-226.102840
15389.760000	-251.049482	-226.080276
15393.840000	-251.062818	-226.058073
15397.920000	-251.076608	-226.036232
15402.000000	-251.090852	-226.014752
15406.080000	-251.105551	-225.993634
15410.160000	-251.120704	-225.972877
15414.240000	-251.136457	-225.952482
15418.320000	-251.187223	-225.932449
15422.400000	-251.233037	-225.907066
15426.480000	-251.277451	-225.879884
15430.560000	-251.322420	-225.852853
15434.640000	-251.367946	-225.825972
15438.720000	-251.414034	-225.799243
15442.800000	-251.460687	-225.772664
15446.880000	-251.507907	-225.746236
15450.960000	-251.555700	-225.719959
15455.040000	-251.708245	-225.693833
15459.120000	-251.891129	-225.660754
15463.200000	-252.077339	-225.627824
15467.280000	-252.267290	-225.595411
15471.360000	-252.461032	-225.563514
15475.440000	-252.660340	-225.532133
15479.520000	-252.870217	-225.501269
15483.600000	-253.083556	-225.470921
15487.680000	-253.300321	-225.441089
15491.760000	-253.149881	-225.411773
15495.840000	-252.636448	-225.382974
15499.920000	-252.135650	-225.354691
15504.000000	-251.647546	-225.326924
15508.080000	-254.171519	-225.299674
15512.160000	-254.173512	-225.272939
15516.240000	-254.176037	-225.246721
15520.320000	-254.179094	-225.221020
15524.400000	-254.182682	-225.195834
15528.480000	-254.186802	-225.171165
15532.560000	-254.191451	-225.147012
15536.640000	-254.196631	-225.123376
15540.720000	-254.202340	-225.100255
15544.800000	-254.208578	-225.077651
15548.880000	-254.215345	-225.055564
15552.960000	-254.218999	-225.033992
15557.040000	-254.221521	-225.012937
15561.120000	-254.224509	-224.992398
15565.200000	-254.227964	-224.972375
15569.280000	-254.231887	-224.952869
15573.360000	-254.236277	-224.933879
15577.440000	-254.239040	-224.913310
15581.520000	-254.241184	-224.892171
15585.600000	-254.240579	-224.870663
15589.680000	-254.197888	-224.845516
15593.760000	-254.153707	-224.819112
15597.840000	-254.109768	-224.793181
15601.920000	-254.066074	-224.767722
15606.000000	-254.023018	-224.742735
15610.080000	-253.983064	-224.718221
15614.160000	-253.943512	-224.694178
15618.240000	-253.904362	-224.670608
15622.320000	-253.865616	-224.647511
15626.400000	-253.827275	-224.624885
15630.480000	-253.789340	-224.602732
15634.560000	-253.767318	-224.581051
15638.640000	-253.755023	-224.559842
15642.720000	-253.742902	-224.539105
15646.800000	-253.730952	-224.518841
15650.880000	-253.719167	-224.499049
15654.960000	-253.707542	-224.479729
15659.040000	-253.696072	-224.460881
15663.120000	-253.684751	-224.442506
15667.200000	-253.673575	-224.424603
15671.280000	-253.662537	-224.407172
15675.360000	-253.651632	-224.390213
15679.440000	-253.640855	-224.373727
15683.520000	-253.630199	-224.357713
15687.600000	-253.444079	-224.342171
15691.680000	-253.415894	-224.327102
15695.760000	-253.387191	-224.312504
15699.840000	-253.287348	-224.298379
15703.920000	-253.232496	-224.284726
15708.000000	-253.176083	-224.271546
15712.080000	-253.118058	-224.258838
15716.160000	-253.058366	-224.246601
15720.240000	-252.995354	-224.233239
15724.320000	-252.927898	-224.217682
15728.400000	-252.857596	-224.201587
15732.480000	-252.769993	-224.170557
15736.560000	-252.673479	-224.139743
15740.640000	-252.402562	-224.109143
15744.720000	-252.062634	-224.078759
15748.800000	-251.516177	-224.048590
15752.880000	-251.075806	-224.018635
15756.960000	-250.636466	-223.988897
15761.040000	-250.193478	-223.959373
15765.120000	-249.749916	-223.930064
15769.200000	-249.363317	-223.900971
15773.280000	-249.149299	-223.872092
15777.360000	-248.991146	-223.843429
15781.440000	-248.876615	-223.814981
15785.520000	-248.868972	-223.786748
15789.600000	-248.910764	-223.758731
15793.680000	-248.940493	-223.730928
15797.760000	-249.009624	-223.703341
15801.840000	-249.074043	-223.675969
15805.920000	-249.133923	-223.648811
15810.000000	-249.189428	-223.621870
15814.080000	-249.240718	-223.595143
15818.160000	-249.287945	-223.568631
15822.240000	-249.331259	-223.542335
15826.320000	-249.370800	-223.516253
15830.400000	-249.406705	-223.490387
15834.480000	-249.439107	-223.464736
15838.560000	-249.468132	-223.439300
15842.640000	-249.493902	-223.414079
15846.720000	-249.720295	-223.389074
15850.800000	-249.761430	-223.362999
15854.880000	-249.750352	-223.327817
15858.960000	-249.738667	-223.292020
15863.040000	-249.726375	-223.255608
15867.120000	-249.713477	-223.218581
15871.200000	-249.699973	-223.180939
15875.280000	-249.685862	-223.142683
15879.360000	-249.671144	-223.103811
15883.440000	-249.653450	-223.061955
15887.520000	-249.623520	-223.008155
15891.600000	-249.582470	-222.952226
15895.680000	-249.538641	-222.894131
15899.760000	-249.491047	-222.832877
15903.840000	-249.440708	-222.769473
15907.920000	-249.387632	-222.703919
15912.000000	-249.331829	-222.636213
15916.080000	-249.273309	-222.566357
15920.160000	-249.212241	-222.494351
15924.240000	-249.159849	-222.420194
15928.320000	-249.105282	-222.343886
15932.400000	-249.048541	-222.265428
15936.480000	-248.989625	-222.184819
15940.560000	-248.926088	-222.102059
15944.640000	-248.831950	-222.017149
15948.720000	-248.735525	-221.930088
15952.800000	-248.636815	-221.840877
15956.880000	-248.535822	-221.749515
15960.960000	-248.434370	-221.656002
15965.040000	-248.341502	-221.560339
15969.120000	-248.246473	-221.462524
15973.200000	-248.149283	-221.362560
15977.280000	-248.049931	-221.260444
15981.360000	-247.948417	-221.156178
15985.440000	-247.844743	-221.049761
15989.520000	-247.709481	-220.911768
15993.600000	-247.566008	-220.765575
15997.680000	-247.422931	-220.619788
16001.760000	-247.280250	-220.474408
16005.840000	-247.137964	-220.329435
16009.920000	-246.996073	-220.184868
16014.000000	-246.854578	-220.040707
16018.080000	-246.713478	-219.896953
16022.160000	-246.572774	-219.753606
16026.240000	-246.432465	-219.610665
16030.320000	-246.283216	-219.458794
16034.400000	-246.112872	-219.285841
16038.480000	-245.939485	-219.109856
16042.560000	-245.763054	-218.930838
16046.640000	-245.583579	-218.748788
16050.720000	-245.400238	-218.563706
16054.800000	-245.213198	-218.375591
16058.880000	-245.001281	-218.184444
16062.960000	-244.777180	-217.990265
16067.040000	-244.550104	-217.793053
16071.120000	-244.320053	-217.592809
16075.200000	-244.087028	-217.389532
16079.280000	-243.851028	-217.183223
16083.360000	-243.612053	-216.973882
16087.440000	-243.370103	-216.761508
16091.520000	-243.125177	-216.546102
16095.600000	-242.877277	-216.327663
16099.680000	-242.626401	-216.106192
16103.760000	-242.372549	-215.881689
16107.840000	-242.115722	-215.654153
16111.920000	-241.855683	-215.423584
16116.000000	-241.591124	-215.189983
16120.080000	-241.262228	-214.953350
16124.160000	-241.031684	-214.713684
16128.240000	-240.780235	-214.471688
16132.320000	-240.506617	-214.228840
16136.400000	-240.171635	-213.985180
16140.480000	-239.792919	-213.740707
16144.560000	-239.414416	-213.495422
16148.640000	-239.036125	-213.249325
16152.720000	-238.658047	-213.002415
16156.800000	-238.280180	-212.754693
16160.880000	-237.902521	-212.506158
16164.960000	-237.525069	-212.256811
16169.040000	-237.157592	-212.006652
16173.120000	-236.830713	-211.755680
16177.200000	-236.369760	-211.479740
16181.280000	-235.954386	-211.188069
16185.360000	-235.537435	-210.893421
16189.440000	-235.111650	-210.595797
16193.520000	-234.009730	-210.295195
16197.600000	-232.948783	-209.991617
16201.680000	-231.966540	-209.685061
16205.760000	-231.305115	-209.375529
16209.840000	-230.642352	-209.063020
16213.920000	-229.955434	-208.747533
16218.000000	-229.274245	-208.429070
16222.080000	-228.598927	-208.107630
16226.160000	-227.929530	-207.783213
16230.240000	-227.455024	-207.455819
16234.320000	-227.065783	-207.125448
16238.400000	-226.613279	-206.792099
16242.480000	-226.279182	-206.455774
16246.560000	-225.881822	-206.116472
16250.640000	-225.481754	-205.774193
16254.720000	-225.078979	-205.428936
16258.800000	-224.692081	-205.080703
16262.880000	-224.326997	-204.729493
16266.960000	-223.828299	-204.246677
16271.040000	-223.323422	-203.759767
16275.120000	-222.816588	-203.273062
16279.200000	-222.196057	-202.786562
16283.280000	-221.774105	-202.300268
16287.360000	-221.369879	-201.814178
16291.440000	-220.955136	-201.328293
16295.520000	-220.528221	-200.842614
16299.600000	-220.087245	-200.357139
16303.680000	-219.630045	-199.871870
16307.760000	-219.153466	-199.386805
16311.840000	-218.637852	-198.901946
16315.920000	-218.056308	-198.417291
16320.000000	-217.475872	-197.932842
16324.080000	-216.894606	-197.446671
16328.160000	-216.317446	-196.963727
16332.240000	-215.663563	-196.484132
16336.320000	-215.016523	-196.007887
16340.400000	-214.374010	-195.534991
16344.480000	-213.524976	-195.065445
16348.560000	-213.495324	-194.599249
16352.640000	-212.856100	-194.136402
16356.720000	-212.131799	-193.676905
16360.800000	-211.418080	-193.220757
16364.880000	-210.714712	-192.767959
16368.960000	-210.021483	-192.318511
16373.040000	-209.443134	-191.872413
16377.120000	-208.958641	-191.429664
16381.200000	-208.473839	-190.990265
16385.280000	-207.986983	-190.554215
16389.360000	-207.496247	-190.121516
16393.440000	-207.002774	-189.692166
16397.520000	-206.474962	-189.266166
16401.600000	-205.870858	-188.847838
16405.680000	-205.328116	-188.490352
16409.760000	-204.789107	-188.136078
16413.840000	-204.343617	-187.785017
16417.920000	-203.972459	-187.437168
16422.000000	-203.572836	-187.092532
16426.080000	-203.170961	-186.751108
16430.160000	-202.769331	-186.412897
16434.240000	-202.368255	-186.077898
16438.320000	-201.968015	-185.746112
16442.400000	-201.568867	-185.417539
16446.480000	-200.148913	-185.092178
16450.560000	-199.515457	-184.770030
16454.640000	-198.715092	-184.451094
16458.720000	-198.399258	-184.135371
16462.800000	-198.086636	-183.822860
16466.880000	-197.784488	-183.520825
16470.960000	-197.663814	-183.240114
16475.040000	-197.763427	-182.961739
16479.120000	-197.734492	-182.685700
16483.200000	-197.523308	-182.411998
16487.280000	-197.314914	-182.140633
16491.360000	-197.188695	-181.871605
16495.440000	-197.263171	-181.604913
16499.520000	-197.239523	-181.340557
16503.600000	-196.978351	-181.078539
16507.680000	-196.713170	-180.818857
16511.760000	-196.460231	-180.561511
16515.840000	-196.209629	-180.306502
16519.920000	-195.961365	-180.053830
16524.000000	-195.715437	-179.803495
16528.080000	-195.471847	-179.555496
16532.160000	-195.230594	-179.309834
16536.240000	-194.991678	-179.066508
16540.320000	-194.757392	-178.827812
16544.400000	-194.535154	-178.601163
16548.480000	-194.313605	-178.375202
16552.560000	-194.092746	-178.149931
16556.640000	-193.872576	-177.925349
16560.720000	-193.653096	-177.701455
16564.800000	-193.434305	-177.478250
16568.880000	-193.213331	-177.255735
16572.960000	-192.990987	-177.033908
16577.040000	-192.786414	-176.812770
16581.120000	-192.475283	-176.592321
16585.200000	-192.246576	-176.372561
16589.280000	-192.027505	-176.153490
16593.360000	-191.818353	-175.935108
16597.440000	-191.636148	-175.717415
16601.520000	-191.445376	-175.500411
16605.600000	-191.246805	-175.284095
16609.680000	-191.041139	-175.068469
16613.760000	-190.831304	-174.855815
16617.840000	-190.622440	-174.647290
16621.920000	-190.301460	-174.441796
16626.000000	-189.982289	-174.239333
16630.080000	-189.840417	-174.039901
16634.160000	-189.701994	-173.843501
16638.240000	-189.567027	-173.650132
16642.320000	-189.435518	-173.459793
16646.400000	-189.307474	-173.272487
16650.480000	-189.182898	-173.088211
16654.560000	-188.391577	-172.906966
16658.640000	-187.640895	-172.728753
16662.720000	-187.633446	-172.553571
16666.800000	-187.826974	-172.381420
16670.880000	-187.840758	-172.212301
16674.960000	-187.343126	-172.046213
16679.040000	-186.842498	-171.893743
16683.120000	-186.625875	-171.770622
16687.200000	-186.782866	-171.650866
16691.280000	-187.073400	-171.534476
16695.360000	-187.053563	-171.421451
16699.440000	-187.005801	-171.311791
16703.520000	-186.922111	-171.205497
16707.600000	-186.835877	-171.102568
16711.680000	-186.776485	-171.003005
16715.760000	-186.835968	-170.906807
16719.840000	-186.843309	-170.813974
16723.920000	-186.776275	-170.724507
16728.000000	-186.673457	-170.638405
16732.080000	-186.609621	-170.555669
16736.160000	-186.649968	-170.476298
16740.240000	-186.717044	-170.400292
16744.320000	-186.786489	-170.327652
16748.400000	-186.857848	-170.258378
16752.480000	-186.930593	-170.192469
16756.560000	-187.004116	-170.129926
16760.640000	-187.093391	-170.086423
16764.720000	-187.182399	-170.046748
16768.800000	-187.240586	-170.009096
16772.880000	-187.212650	-169.973466
16776.960000	-187.027685	-169.939858
16781.040000	-186.828984	-169.908272
16785.120000	-186.661413	-169.878708
16789.200000	-186.474983	-169.851166
16793.280000	-186.406949	-169.825646
16797.360000	-186.560131	-169.802148
16801.440000	-186.716813	-169.780672
16805.520000	-186.877009	-169.761218
16809.600000	-187.040735	-169.743786
16813.680000	-187.208006	-169.728377
16817.760000	-187.379933	-169.716084
16821.840000	-187.556310	-169.706688
16825.920000	-187.735239	-169.698273
16830.000000	-187.916735	-169.690838
16834.080000	-188.100814	-169.684385
16838.160000	-188.351683	-169.678912
16842.240000	-188.538060	-169.674421
16846.320000	-189.031026	-169.670910
16850.400000	-189.980865	-169.668380
16854.480000	-190.295969	-169.666832
16858.560000	-190.622080	-169.666264
16862.640000	-191.262157	-169.666677
16866.720000	-191.784858	-169.668072
16870.800000	-192.001861	-169.670447
16874.880000	-192.224051	-169.673803
16878.960000	-192.451554	-169.678140
16883.040000	-192.684499	-169.683458
16887.120000	-192.923021	-169.689758
16891.200000	-193.167261	-169.697038
16895.280000	-193.417365	-169.705299
16899.360000	-193.673486	-169.714541
16903.440000	-193.932414	-169.721395
16907.520000	-194.172531	-169.715585
16911.600000	-194.334978	-169.709720
16915.680000	-194.523218	-169.703801
16919.760000	-194.840451	-169.697828
16923.840000	-194.924591	-169.691801
16927.920000	-194.929330	-169.685719
16932.000000	-194.934024	-169.679583
16936.080000	-194.938672	-169.673393
16940.160000	-194.943276	-169.667149
16944.240000	-194.947834	-169.660850
16948.320000	-194.952347	-169.654497
16952.400000	-194.956815	-169.648090
16956.480000	-194.955236	-169.635627
16960.560000	-194.948214	-169.617712
16964.640000	-194.941124	-169.599719
16968.720000	-194.933963	-169.581647
16972.800000	-194.926733	-169.563497
16976.880000	-194.919434	-169.545267
16980.960000	-194.912066	-169.526960
16985.040000	-194.904628	-169.508573
16989.120000	-194.897120	-169.490108
16993.200000	-194.889543	-169.471565
16997.280000	-194.881897	-169.452943
17001.360000	-194.874181	-169.434242
17005.440000	-194.847564	-169.415462
17009.520000	-194.786603	-169.396604
17013.600000	-194.725603	-169.377668
17017.680000	-194.664566	-169.358652
17021.760000	-194.603493	-169.339558
17025.840000	-194.542385	-169.320386
17029.920000	-194.481245	-169.301135
17034.000000	-194.420072	-169.281805
17038.080000	-194.358870	-169.262397
17042.160000	-194.297639	-169.242910
17046.240000	-194.237187	-169.223344
17050.320000	-194.173715	-169.199223
17054.400000	-194.106315	-169.171062
17058.480000	-194.039446	-169.143319
17062.560000	-193.973107	-169.115995
17066.640000	-193.907299	-169.089089
17070.720000	-193.842020	-169.062601
17074.800000	-193.775909	-169.036532
17078.880000	-193.696410	-169.010881
17082.960000	-193.617527	-168.985649
17087.040000	-193.539261	-168.960835
17091.120000	-193.461611	-168.936439
17095.200000	-193.410688	-168.938574
17099.280000	-193.374601	-168.955349
17103.360000	-193.339644	-168.973059
17107.440000	-193.305816	-168.991702
17111.520000	-193.287437	-169.011281
17115.600000	-193.270625	-169.031793
17119.680000	-193.253915	-169.053241
17123.760000	-193.237292	-169.075622
17127.840000	-193.220744	-169.098938
17131.920000	-193.204259	-169.123188
17136.000000	-193.187822	-169.148373
17140.080000	-193.171420	-169.174492
17144.160000	-193.155041	-169.201546
17148.240000	-193.138669	-169.229534
17152.320000	-193.122291	-169.258456
17156.400000	-193.105892	-169.288313
17160.480000	-193.088447	-169.319105
17164.560000	-193.031322	-169.350830
17168.640000	-192.905752	-169.383491
17172.720000	-192.477300	-169.417085
17176.800000	-190.325809	-169.451614
17180.880000	-189.258762	-169.487078
17184.960000	-188.345540	-169.523476
17189.040000	-189.421062	-169.560808
17193.120000	-189.298383	-169.599075
17197.200000	-188.767105	-169.652682
17201.280000	-188.267190	-169.709328
17205.360000	-187.793879	-169.765434
17209.440000	-187.319658	-169.821000
17213.520000	-186.786023	-169.876027
17217.600000	-187.068017	-169.930514
17221.680000	-187.944262	-169.984460
17225.760000	-187.975839	-170.037867
17229.840000	-188.457651	-170.090734
17233.920000	-191.383607	-170.113827
17238.000000	-192.529447	-170.127280
17242.080000	-192.598318	-170.138902
17246.160000	-192.643639	-170.148692
17250.240000	-192.674347	-170.156651
17254.320000	-192.716427	-170.162780
17258.400000	-192.756747	-170.167077
17262.480000	-192.795307	-170.169543
17266.560000	-192.832106	-170.170177
17270.640000	-192.867146	-170.168981
17274.720000	-192.900426	-170.165954
17278.800000	-192.931947	-170.161095
17282.880000	-192.961709	-170.154405
17286.960000	-192.989711	-170.145884
17291.040000	-193.015954	-170.135531
17295.120000	-193.040439	-170.123348
17299.200000	-193.378297	-170.109333
17303.280000	-194.011725	-170.093487
17307.360000	-194.619817	-170.075810
17311.440000	-194.601321	-170.056302
17315.520000	-194.580624	-170.034962
17319.600000	-194.557733	-170.011791
17323.680000	-194.511515	-169.986789
17327.760000	-194.422104	-169.959956
17331.840000	-194.349779	-169.931291
17335.920000	-194.319393	-169.900795
17340.000000	-194.286056	-169.867349
17344.080000	-194.241910	-169.823092
17348.160000	-194.197206	-169.778279
17352.240000	-194.151946	-169.732909
17356.320000	-194.106129	-169.686982
17360.400000	-194.059754	-169.640498
17364.480000	-194.012823	-169.593458
17368.560000	-193.965335	-169.545860
17372.640000	-193.900552	-169.480967
17376.720000	-193.837112	-169.417418
17380.800000	-193.776540	-169.356736
17384.880000	-193.718834	-169.298921
17388.960000	-193.663996	-169.243973
17393.040000	-193.612025	-169.191893
17397.120000	-193.562921	-169.142680
17401.200000	-193.508275	-169.096334
17405.280000	-193.455049	-169.052856
17409.360000	-193.404696	-169.012245
17413.440000	-193.357216	-168.974501
17417.520000	-193.312610	-168.939624
17421.600000	-193.270876	-168.907614
17425.680000	-193.232015	-168.878472
17429.760000	-193.196027	-168.852198
17433.840000	-193.162912	-168.828790
17437.920000	-193.132671	-168.808250
17442.000000	-193.105302	-168.790577
17446.080000	-193.080806	-168.775772
17450.160000	-193.059184	-168.763834
17454.240000	-193.040434	-168.754763
17458.320000	-193.024558	-168.748559
17462.400000	-193.011555	-168.745224
17466.480000	-193.001425	-168.744755
17470.560000	-193.127980	-168.747154
17474.640000	-192.999737	-168.752420
17478.720000	-192.891843	-168.760554
17482.800000	-192.747355	-168.771555
17486.880000	-191.999620	-168.805962
17490.960000	-191.154773	-168.873577
17495.040000	-190.364256	-168.942817
17499.120000	-189.627210	-169.013681
17503.200000	-188.818103	-169.086169
17507.280000	-188.324613	-169.165344
17511.360000	-187.834012	-169.317844
17515.440000	-187.385122	-169.470290
17519.520000	-186.974001	-169.622681
17523.600000	-186.597191	-169.775019
17527.680000	-186.251641	-169.927302
17531.760000	-185.960689	-170.079531
17535.840000	-185.643825	-170.231707
17539.920000	-185.377025	-170.383828
17544.000000	-185.132339	-170.535895
17548.080000	-184.908053	-170.687908
17552.160000	-184.994077	-170.839867
17556.240000	-185.136462	-170.991771
17560.320000	-185.297885	-171.143622
17564.400000	-185.855568	-171.295418
17568.480000	-186.421741	-171.447161
17572.560000	-186.991673	-171.598849
17576.640000	-187.578086	-171.750483
17580.720000	-188.209570	-171.902064
17584.800000	-188.869610	-172.053590
17588.880000	-189.560627	-172.205061
17592.960000	-190.070052	-172.356479
17597.040000	-190.579095	-172.507843
17601.120000	-191.102211	-172.659153
17605.200000	-191.640228	-172.810408
17609.280000	-192.194039	-172.961610
17613.360000	-192.764608	-173.112757
17617.440000	-193.313951	-173.263850
17621.520000	-193.807580	-173.414889
17625.600000	-194.307640	-173.565874
17629.680000	-194.602844	-173.716805
17633.760000	-194.899349	-173.902107
17637.840000	-195.233356	-174.104045
17641.920000	-195.570098	-174.307127
17646.000000	-195.920250	-174.522000
17650.080000	-196.312385	-174.777211
17654.160000	-196.706791	-175.033020
17658.240000	-197.103495	-175.289425
17662.320000	-197.502525	-175.546428
17666.400000	-197.903912	-175.804027
17670.480000	-198.675131	-176.062224
17674.560000	-199.529223	-176.321017
17678.640000	-200.386972	-176.580408
17682.720000	-200.592895	-176.840395
17686.800000	-200.761277	-177.100980
17690.880000	-200.916324	-177.362161
17694.960000	-201.060009	-177.623940
17699.040000	-201.194059	-177.886316
17703.120000	-201.416743	-178.149288
17707.200000	-201.692649	-178.412858
17711.280000	-201.968948	-178.677024
17715.360000	-202.251963	-178.941788
17719.440000	-202.537269	-179.207149
17723.520000	-202.823205	-179.473107
17727.600000	-203.109768	-179.739661
17731.680000	-203.396961	-180.006813
17735.760000	-203.684782	-180.274562
17739.840000	-203.973231	-180.542908
17743.920000	-204.262309	-180.811851
17748.000000	-204.552016	-181.081391
17752.080000	-204.842352	-181.351528
17756.160000	-205.133317	-181.622262
17760.240000	-205.424911	-181.893593
17764.320000	-205.717133	-182.165521
17768.400000	-206.009985	-182.438046
17772.480000	-206.303466	-182.711168
17776.560000	-206.597576	-182.984887
17780.640000	-206.819709	-183.208536
17784.720000	-206.998566	-183.417709
17788.800000	-207.155679	-183.605112
17792.880000	-207.312482	-183.792179
17796.960000	-207.468973	-183.978908
17801.040000	-207.625154	-184.165301
17805.120000	-207.781053	-184.351356
17809.200000	-207.937005	-184.537075
17813.280000	-208.092657	-184.722456
17817.360000	-208.248008	-184.907500
17821.440000	-208.403060	-185.092208
17825.520000	-208.557812	-185.276578
17829.600000	-208.712265	-185.460611
17833.680000	-208.866419	-185.644308
17837.760000	-209.020275	-185.827667
17841.840000	-209.237147	-186.010689
17845.920000	-209.461404	-186.193374
17850.000000	-209.685438	-186.375722
17854.080000	-209.909250	-186.557733
17858.160000	-210.132840	-186.739408
17862.240000	-210.356207	-186.920745
17866.320000	-210.579352	-187.101744
17870.400000	-210.802274	-187.282407
17874.480000	-211.024974	-187.462733
17878.560000	-211.247452	-187.642722
17882.640000	-211.469708	-187.822374
17886.720000	-211.691741	-188.001689
17890.800000	-211.913552	-188.180666
17894.880000	-212.135141	-188.359307
17898.960000	-212.356507	-188.537611
17903.040000	-212.577651	-188.715577
17907.120000	-212.798572	-188.893207
17911.200000	-213.019271	-189.070499
17915.280000	-213.239747	-189.247454
17919.360000	-213.460000	-189.424073
17923.440000	-213.679710	-189.600034
17927.520000	-213.898651	-189.775112
17931.600000	-214.116192	-189.948676
17935.680000	-214.332331	-190.120725
17939.760000	-214.547068	-190.291258
17943.840000	-214.760404	-190.460277
17947.920000	-214.972339	-190.627781
17952.000000	-215.182871	-190.793770
17956.080000	-215.404014	-190.958244
17960.160000	-215.628448	-191.121203
17964.240000	-215.851567	-191.282647
17968.320000	-216.073370	-191.442576
17972.400000	-216.293856	-191.600990
17976.480000	-216.513024	-191.757889
17980.560000	-216.730873	-191.913274
17984.640000	-216.947400	-192.067143
17988.720000	-217.162604	-192.219497
17992.800000	-217.387883	-192.370337
17996.880000	-217.611154	-192.519661
18000.960000	-217.823343	-192.667471
18005.040000	-218.023309	-192.813765
18009.120000	-218.209778	-192.958544
18013.200000	-218.381338	-193.101809
18017.280000	-218.536411	-193.243558
18021.360000	-218.654751	-193.383793
18025.440000	-218.789864	-193.522512
18029.520000	-218.942392	-193.659717
18033.600000	-219.083945	-193.795406
18037.680000	-219.223985	-193.929581
18041.760000	-219.362512	-194.062240
18045.840000	-219.499527	-194.193384
18049.920000	-219.187840	-194.323014
18054.000000	-218.760183	-194.451128
18058.080000	-219.203339	-194.577727
18062.160000	-219.642414	-194.679158
18066.240000	-219.860918	-194.768568
18070.320000	-220.062250	-194.843423
18074.400000	-220.249104	-194.906364
18078.480000	-220.433340	-194.969197
18082.560000	-220.615007	-195.031922
18086.640000	-220.794157	-195.094541
18090.720000	-220.970836	-195.157052
18094.800000	-220.697176	-195.219455
18098.880000	-219.752562	-195.281752
18102.960000	-221.047463	-195.343941
18107.040000	-221.256731	-195.406022
18111.120000	-221.239326	-195.467997
18115.200000	-221.186910	-195.529864
18119.280000	-221.034084	-195.591623
18123.360000	-220.836798	-195.653275
18127.440000	-220.624282	-195.714820
18131.520000	-220.395005	-195.776258
18135.600000	-220.147288	-195.837588
18139.680000	-219.879293	-195.898811
18143.760000	-219.589000	-195.959927
18147.840000	-219.263124	-196.020935
18151.920000	-219.636281	-196.081836
18156.000000	-219.631999	-196.142630
18160.080000	-219.697963	-196.203316
18164.160000	-219.763821	-196.263895
18168.240000	-219.829575	-196.324367
18172.320000	-219.895224	-196.384731
18176.400000	-219.960768	-196.444988
18180.480000	-220.026206	-196.505138
18184.560000	-220.091540	-196.565180
18188.640000	-220.156769	-196.625115
18192.720000	-220.221185	-196.684943
18196.800000	-220.284949	-196.744663
18200.880000	-220.354806	-196.810475
18204.960000	-220.426122	-196.877746
18209.040000	-220.497845	-196.945422
18213.120000	-220.569973	-197.013502
18217.200000	-220.659828	-197.099309
18221.280000	-220.753604	-197.189035
18225.360000	-220.847389	-197.278770
18229.440000	-220.941184	-197.368513
18233.520000	-221.034989	-197.458266
18237.600000	-221.128804	-197.548027
18241.680000	-221.222629	-197.637798
18245.760000	-221.316464	-197.727577
18249.840000	-221.410309	-197.817365
18253.920000	-221.520839	-197.907163
18258.000000	-221.759306	-197.996969
18262.080000	-221.999618	-198.086784
18266.160000	-222.241809	-198.176608
18270.240000	-222.485913	-198.266441
18274.320000	-222.731964	-198.356283
18278.400000	-222.979998	-198.446134
18282.480000	-223.230051	-198.535994
18286.560000	-223.482159	-198.625863
18290.640000	-223.736361	-198.715741
18294.720000	-223.992696	-198.805628
18298.800000	-224.251203	-198.895524
18302.880000	-224.511922	-198.985428
18306.960000	-224.774895	-199.075342
18311.040000	-225.040165	-199.165265
18315.120000	-223.971280	-199.255196
18319.200000	-224.180532	-199.345137
18323.280000	-224.390498	-199.435086
18327.360000	-224.601209	-199.525045
18331.440000	-226.402524	-199.615012
18335.520000	-226.682640	-199.705104
18339.600000	-226.970388	-199.800215
18343.680000	-227.260647	-199.895169
18347.760000	-227.553467	-199.989968
18351.840000	-227.848903	-200.084610
18355.920000	-228.147009	-200.179097
18360.000000	-228.320637	-200.273568
18364.080000	-228.433438	-200.368876
18368.160000	-228.545368	-200.463292
18372.240000	-228.656428	-200.556814
18376.320000	-228.766616	-200.649444
18380.400000	-228.875934	-200.741182
18384.480000	-228.984381	-200.832026
18388.560000	-229.091958	-200.921978
18392.640000	-229.198664	-201.011037
18396.720000	-229.304499	-201.099203
18400.800000	-229.409463	-201.186477
18404.880000	-229.513557	-201.272858
18408.960000	-229.616781	-201.358346
18413.040000	-229.719133	-201.442941
18417.120000	-229.820616	-201.526644
18421.200000	-229.921228	-201.609454
18425.280000	-230.014284	-201.691371
18429.360000	-230.091920	-201.772395
18433.440000	-230.168661	-201.852527
18437.520000	-230.244508	-201.931766
18441.600000	-230.319462	-202.010112
18445.680000	-230.393521	-202.087565
18449.760000	-230.466687	-202.164126
18453.840000	-230.539436	-202.239794
18457.920000	-230.621369	-202.314569
18462.000000	-230.702403	-202.388451
18466.080000	-230.782538	-202.461440
18470.160000	-230.861776	-202.533537
18474.240000	-230.938773	-202.603399
18478.320000	-231.009281	-202.666778
18482.400000	-231.078565	-202.728938
18486.480000	-231.146625	-202.789880
18490.560000	-231.213462	-202.849605
18494.640000	-231.279075	-202.908111
18498.720000	-231.343464	-202.965399
18502.800000	-231.406629	-203.021469
18506.880000	-231.464568	-203.072319
18510.960000	-231.514062	-203.114730
18515.040000	-231.562001	-203.155592
18519.120000	-231.608385	-203.194905
18523.200000	-231.653213	-203.232668
18527.280000	-231.696486	-203.268882
18531.360000	-231.738204	-203.303547
18535.440000	-231.778366	-203.336663
18539.520000	-231.816972	-203.368229
18543.600000	-231.854023	-203.398246
18547.680000	-231.889518	-203.426714
18551.760000	-231.923458	-203.453632
18555.840000	-231.936253	-203.479001
18559.920000	-231.928718	-203.502821
18564.000000	-231.919703	-203.525092
18568.080000	-231.909207	-203.545813
18572.160000	-231.897229	-203.564985
18576.240000	-231.883770	-203.582607
18580.320000	-231.868830	-203.598680
18584.400000	-231.852407	-203.613204
18588.480000	-231.834503	-203.626179
18592.560000	-231.815116	-203.637604
18596.640000	-231.794246	-203.647480
18600.720000	-231.771894	-203.655806
18604.800000	-231.748059	-203.662583
18608.880000	-231.722740	-203.667811
18612.960000	-231.694808	-203.670359
18617.040000	-231.664168	-203.670134
18621.120000	-231.632933	-203.669248
18625.200000	-231.601101	-203.667700
18629.280000	-231.568673	-203.665490
18633.360000	-231.535648	-203.662619
18637.440000	-231.502026	-203.659086
18641.520000	-231.467807	-203.654892
18645.600000	-231.432991	-203.650036
18649.680000	-231.397577	-203.644519
18653.760000	-231.354141	-203.630915
18657.840000	-231.305515	-203.612058
18661.920000	-231.255946	-203.592194
18666.000000	-231.109962	-203.571324
18670.080000	-230.681249	-203.549447
18674.160000	-230.423900	-203.526563
18678.240000	-230.381457	-203.502673
18682.320000	-230.338031	-203.477776
18686.400000	-230.293622	-203.451872
18690.480000	-230.248230	-203.424962
18694.560000	-230.197051	-203.397045
18698.640000	-230.144295	-203.368122
18702.720000	-230.090573	-203.338191
18706.800000	-230.035886	-203.307254
18710.880000	-229.980232	-203.275311
18714.960000	-229.923612	-203.242360
18719.040000	-229.866027	-203.208403
18723.120000	-229.807474	-203.173440
18727.200000	-229.747956	-203.137469
18731.280000	-229.687471	-203.100492
18735.360000	-229.626019	-203.062508
18739.440000	-229.563601	-203.023518
18743.520000	-229.500216	-202.983521
18747.600000	-229.435864	-202.942517
18751.680000	-229.370707	-202.900668
18755.760000	-229.305094	-202.858324
18759.840000	-229.028469	-202.815467
18763.920000	-228.574450	-202.772100
18768.000000	-228.131998	-202.728220
18772.080000	-227.700624	-202.683829
18776.160000	-227.279866	-202.638926
18780.240000	-226.884216	-202.593511
18784.320000	-226.670579	-202.547584
18788.400000	-226.458646	-202.501146
18792.480000	-226.248376	-202.454196
18796.560000	-226.039729	-202.406734
18800.640000	-225.832751	-202.358846
18804.720000	-225.627917	-202.311046
18808.800000	-225.425212	-202.263356
18812.880000	-225.224598	-202.215775
18816.960000	-225.026039	-202.168303
18821.040000	-225.008202	-202.120941
18825.120000	-224.992219	-202.073688
18829.200000	-224.976427	-202.026545
18833.280000	-224.960828	-201.979511
18837.360000	-224.945420	-201.932587
18841.440000	-224.930204	-201.885772
18845.520000	-224.915181	-201.839067
18849.600000	-224.900350	-201.792471
18853.680000	-224.885713	-201.745984
18857.760000	-224.871269	-201.699607
18861.840000	-224.857019	-201.653340
18865.920000	-224.842963	-201.607182
18870.000000	-224.829101	-201.561133
18874.080000	-224.815434	-201.515194
18878.160000	-224.801962	-201.469364
18882.240000	-224.788685	-201.423644
18886.320000	-224.775604	-201.378033
18890.400000	-224.733968	-201.303781
18894.480000	-224.682400	-201.219510
18898.560000	-224.629834	-201.134154
18902.640000	-224.802774	-201.047714
18906.720000	-224.980421	-200.960190
18910.800000	-225.162722	-200.871581
18914.880000	-225.349852	-200.781887
18918.960000	-225.541994	-200.691109
18923.040000	-225.739334	-200.599247
18927.120000	-225.942069	-200.506301
18931.200000	-226.150400	-200.412269
18935.280000	-226.364537	-200.317154
18939.360000	-226.286170	-200.220954
18943.440000	-226.174304	-200.119802
18947.520000	-226.041017	-199.997222
18951.600000	-225.906335	-199.873239
18955.680000	-225.770259	-199.747851
18959.760000	-225.632787	-199.621060
18963.840000	-225.493920	-199.492865
18967.920000	-225.376131	-199.363266
18972.000000	-225.269310	-199.232263
18976.080000	-225.160888	-199.099857
18980.160000	-225.050860	-198.966047
18984.240000	-224.939221	-198.830833
18988.320000	-224.825966	-198.694215
18992.400000	-224.711089	-198.556193
18996.480000	-224.594584	-198.416768
19000.560000	-224.476447	-198.275939
19004.640000	-224.356670	-198.133706
19008.720000	-224.235250	-197.990069
19012.800000	-224.112178	-197.845029
19016.880000	-223.987451	-197.698584
19020.960000	-223.861060	-197.550736
19025.040000	-223.733000	-197.401484
19029.120000	-223.608041	-197.255604
19033.200000	-223.480156	-197.107076
19037.280000	-223.349092	-196.955655
19041.360000	-223.214843	-196.801341
19045.440000	-222.316306	-196.644133
19049.520000	-222.395338	-196.484031
19053.600000	-222.441766	-196.321035
19057.680000	-222.458585	-196.155146
19061.760000	-222.448457	-195.986363
19065.840000	-222.413752	-195.814687
19069.920000	-222.185292	-195.640117
19074.000000	-222.025292	-195.462653
19078.080000	-221.862038	-195.282295
19082.160000	-221.695521	-195.099044
19086.240000	-221.525733	-194.912898
19090.320000	-221.354925	-194.726121
19094.400000	-221.185401	-194.541022
19098.480000	-221.014627	-194.355079
19102.560000	-220.842595	-194.168292
19106.640000	-220.669296	-193.980660
19110.720000	-220.494718	-193.792185
19114.800000	-220.318853	-193.602866
19118.880000	-220.220845	-193.412702
19122.960000	-220.210016	-193.221695
19127.040000	-220.128962	-193.029843
19131.120000	-219.956087	-192.837147
19135.200000	-219.663266	-192.643608
19139.280000	-219.213564	-192.449224
19143.360000	-218.547011	-192.253996
19147.440000	-216.978906	-192.057924
19151.520000	-215.284693	-191.861008
19155.600000	-214.758736	-191.663247
19159.680000	-214.238614	-191.464643
19163.760000	-214.055018	-191.262252
19167.840000	-213.236840	-191.043306
19171.920000	-212.672759	-190.823294
19176.000000	-212.051063	-190.602215
19180.080000	-210.896533	-190.380069
19184.160000	-210.133698	-190.156856
19188.240000	-209.174984	-189.932577
19192.320000	-208.251246	-189.707231
19196.400000	-207.642889	-189.480819
19200.480000	-207.097854	-189.253340
19204.560000	-206.562205	-189.024794
19208.640000	-206.035466	-188.795181
19212.720000	-205.495444	-188.564502
19216.800000	-205.006947	-188.332756
19220.880000	-204.500597	-188.099943
19224.960000	-203.990354	-187.866064
19229.040000	-203.263282	-187.631117
19233.120000	-202.711082	-187.395104
19237.200000	-202.461399	-187.163678
19241.280000	-202.076725	-186.934553
19245.360000	-201.623977	-186.705160
19249.440000	-201.171785	-186.475498
19253.520000	-200.595106	-186.245567
19257.600000	-200.367171	-186.015369
19261.680000	-200.138827	-185.784902
19265.760000	-200.015539	-185.554166
19269.840000	-199.894616	-185.323163
19273.920000	-199.773914	-185.091891
19278.000000	-199.653341	-184.860350
19282.080000	-199.532791	-184.628542
19286.160000	-199.416703	-184.396464
19290.240000	-199.301475	-184.164119
19294.320000	-199.299045	-183.931505
19298.400000	-199.509547	-183.698031
19302.480000	-199.527873	-183.467226
19306.560000	-199.548687	-183.241092
19310.640000	-199.579138	-183.016957
19314.720000	-199.619581	-182.794821
19318.800000	-199.673845	-182.574683
19322.880000	-199.743285	-182.356544
19326.960000	-199.818863	-182.140404
19331.040000	-199.900653	-181.926262
19335.120000	-199.924762	-181.714119
19339.200000	-200.046519	-181.503974
19343.280000	-200.232447	-181.295828
19347.360000	-200.376426	-181.089680
19351.440000	-200.534123	-180.885531
19355.520000	-200.705978	-180.683381
19359.600000	-200.892427	-180.483229
19363.680000	-201.093893	-180.285076
19367.760000	-201.310779	-180.088922
19371.840000	-201.248838	-179.894766
19375.920000	-201.053857	-179.702608
19380.000000	-200.860536	-179.512450
19384.080000	-200.668883	-179.324290
19388.160000	-200.478902	-179.138128
19392.240000	-200.290599	-178.953965
19396.320000	-200.104472	-178.772292
19400.400000	-199.983738	-178.656321
19404.480000	-199.863687	-178.541335
19408.560000	-199.744323	-178.427334
19412.640000	-199.625652	-178.314318
19416.720000	-199.507679	-178.202288
19420.800000	-199.390410	-178.091243
19424.880000	-199.279143	-177.986475
19428.960000	-199.176317	-177.890466
19433.040000	-199.072921	-177.795305
19437.120000	-198.969841	-177.700992
19441.200000	-198.867090	-177.607527
19445.280000	-198.801523	-177.514909
19449.360000	-198.808286	-177.423139
19453.440000	-198.816813	-177.332217
19457.520000	-198.785982	-177.242143
19461.600000	-198.708703	-177.152916
19465.680000	-198.647878	-177.064537
19469.760000	-198.590226	-176.977007
19473.840000	-198.533467	-176.890324
19477.920000	-198.606602	-176.804488
19482.000000	-198.744289	-176.719501
19486.080000	-198.780665	-176.635361
19490.160000	-198.672800	-176.552069
19494.240000	-198.565055	-176.469625
19498.320000	-198.457456	-176.388029
19502.400000	-198.350030	-176.307281
19506.480000	-198.242803	-176.227380
19510.560000	-198.135798	-176.148327
19514.640000	-198.029039	-176.070122
19518.720000	-197.985620	-175.992765
19522.800000	-197.945109	-175.916255
19526.880000	-197.892851	-175.840594
19530.960000	-197.824511	-175.765780
19535.040000	-197.756878	-175.691814
19539.120000	-197.689949	-175.618695
19543.200000	-197.623723	-175.546425
19547.280000	-197.563950	-175.480755
19551.360000	-197.516901	-175.427958
19555.440000	-197.468771	-175.374231
19559.520000	-197.419557	-175.319574
19563.600000	-197.369258	-175.263986
19567.680000	-197.315548	-175.207468
19571.760000	-197.158744	-175.142463
19575.840000	-196.933232	-175.070414
19579.920000	-196.710986	-175.000246
19584.000000	-196.492023	-174.931959
19588.080000	-196.276360	-174.865554
19592.160000	-196.064009	-174.801029
19596.240000	-195.854981	-174.738387
19600.320000	-195.649281	-174.677625
19604.400000	-195.446914	-174.618744
19608.480000	-195.247883	-174.561745
19612.560000	-195.068551	-174.506627
19616.640000	-194.918676	-174.453391
19620.720000	-194.771578	-174.402035
19624.800000	-194.808180	-174.352561
19628.880000	-194.913202	-174.304968
19632.960000	-195.067438	-174.259257
19637.040000	-195.320621	-174.215426
19641.120000	-195.582129	-174.173477
19645.200000	-195.818157	-174.133409
19649.280000	-196.056382	-174.095223
19653.360000	-196.302128	-174.058917
19657.440000	-196.555438	-174.024493
19661.520000	-196.816340	-173.991950
19665.600000	-197.084835	-173.961289
19669.680000	-197.373853	-173.945461
19673.760000	-197.706221	-173.980337
19677.840000	-197.788561	-174.016481
19681.920000	-197.856798	-174.053894
19686.000000	-198.256172	-174.092575
19690.080000	-198.632597	-174.132524
19694.160000	-198.664929	-174.173741
19698.240000	-198.697071	-174.216227
19702.320000	-198.729075	-174.259981
19706.400000	-198.760992	-174.305003
19710.480000	-198.792870	-174.351294
19714.560000	-198.826354	-174.398853
19718.640000	-198.863571	-174.447680
19722.720000	-198.901656	-174.497776
19726.800000	-198.940618	-174.549139
19730.880000	-198.980466	-174.601772
19734.960000	-199.021207	-174.655672
19739.040000	-199.062851	-174.710841
19743.120000	-199.105406	-174.767278
19747.200000	-199.190220	-174.866324
19751.280000	-199.277990	-174.968669
19755.360000	-199.366319	-175.071906
19759.440000	-199.455214	-175.176036
19763.520000	-199.544682	-175.281060
19767.600000	-199.634732	-175.386977
19771.680000	-199.725370	-175.493787
19775.760000	-199.816603	-175.601491
19779.840000	-199.908437	-175.710087
19783.920000	-200.004392	-175.819577
19788.000000	-200.150028	-175.929960
19792.080000	-200.303481	-176.051793
19796.160000	-200.534404	-176.254978
19800.240000	-200.762182	-176.459168
19804.320000	-200.986534	-176.664363
19808.400000	-201.207157	-176.870563
19812.480000	-201.259718	-177.077769
19816.560000	-201.101658	-177.285980
19820.640000	-200.952422	-177.495196
19824.720000	-200.867846	-177.705417
19828.800000	-200.809846	-177.916644
19832.880000	-200.757002	-178.128876
19836.960000	-200.709231	-178.342114
19841.040000	-200.666452	-178.556356
19845.120000	-200.628587	-178.771604
19849.200000	-200.595558	-178.987858
19853.280000	-200.567291	-179.205116
19857.360000	-200.543713	-179.423380
19861.440000	-200.524752	-179.642649
19865.520000	-200.510338	-179.862923
19869.600000	-200.500405	-180.084203
19873.680000	-200.672818	-180.306488
19877.760000	-201.064576	-180.529778
19881.840000	-201.349767	-180.754073
19885.920000	-201.351691	-180.979374
19890.000000	-201.519109	-181.205680
19894.080000	-202.292604	-181.432991
19898.160000	-203.172989	-181.661308
19902.240000	-204.093899	-181.890630
19906.320000	-205.058609	-182.120957
19910.400000	-206.073496	-182.352289
19914.480000	-207.137849	-182.583676
19918.560000	-207.342475	-182.798678
19922.640000	-207.553313	-183.038880
19926.720000	-207.755813	-183.278291
19930.800000	-207.950614	-183.516911
19934.880000	-208.175364	-183.754740
19938.960000	-208.416602	-183.991777
19943.040000	-208.657048	-184.228024
19947.120000	-208.896704	-184.463480
19951.200000	-209.135567	-184.698145
19955.280000	-209.373640	-184.932019
19959.360000	-209.610921	-185.165102
19963.440000	-209.847411	-185.397393
19967.520000	-210.083109	-185.628894
19971.600000	-210.318016	-185.859604
19975.680000	-210.552132	-186.089523
19979.760000	-210.785456	-186.318651
19983.840000	-211.017989	-186.546987
19987.920000	-211.249730	-186.774533
19992.000000	-211.480680	-187.001288
19996.080000	-211.710839	-187.227252
20000.160000	-211.940206	-187.452425
20004.240000	-212.168782	-187.676806
20008.320000	-212.396567	-187.900397
20012.400000	-212.623560	-188.123197
20016.480000	-213.178756	-188.345206
20020.560000	-213.764598	-188.566424
20024.640000	-214.356324	-188.786851
20028.720000	-214.921016	-189.006486
20032.800000	-215.121551	-189.225331
20036.880000	-215.401484	-189.443385
20040.960000	-215.803169	-189.695370
20045.040000	-216.208539	-189.950181
20049.120000	-216.615394	-190.205658
20053.200000	-217.023694	-190.461799
20057.280000	-217.433390	-190.718605
20061.360000	-217.743682	-190.976077
20065.440000	-217.977377	-191.234214
20069.520000	-218.210942	-191.493015
20073.600000	-218.447458	-191.755005
20077.680000	-218.685793	-192.019046
20081.760000	-218.924585	-192.283769
20085.840000	-219.163838	-192.549172
20089.920000	-219.412132	-192.823830
20094.000000	-219.733552	-193.171823
20098.080000	-220.056256	-193.521301
20102.160000	-220.380249	-193.872265
20106.240000	-220.705535	-194.224715
20110.320000	-221.032122	-194.578651
20114.400000	-221.360012	-194.934072
20118.480000	-221.689213	-195.290980
20122.560000	-222.019728	-195.649373
20126.640000	-222.351562	-196.009251
20130.720000	-222.684720	-196.370616
20134.800000	-223.019207	-196.733466
20138.880000	-223.355027	-197.097802
20142.960000	-223.692185	-197.463624
20147.040000	-224.030684	-197.830932
20151.120000	-224.370530	-198.199726
20155.200000	-224.711727	-198.570005
20159.280000	-225.054833	-198.941770
20163.360000	-225.379845	-199.295352
20167.440000	-225.629195	-199.573211
20171.520000	-225.878356	-199.850820
20175.600000	-226.127327	-200.128179
20179.680000	-226.376108	-200.405288
20183.760000	-226.624699	-200.682147
20187.840000	-226.875262	-200.958755
20191.920000	-227.142854	-201.235113
20196.000000	-227.410006	-201.511221
20200.080000	-227.676718	-201.787079
20204.160000	-227.942986	-202.062687
20208.240000	-228.208809	-202.338044
20212.320000	-228.474186	-202.613151
20216.400000	-228.739115	-202.888008
20220.480000	-229.003594	-203.162615
20224.560000	-229.267621	-203.436972
20228.640000	-229.503990	-203.711079
20232.720000	-229.541131	-203.984935
20236.800000	-229.580070	-204.258541
20240.880000	-229.279540	-204.531897
20244.960000	-229.425966	-204.805003
20249.040000	-229.196064	-205.077858
20253.120000	-228.948720	-205.350464
20257.200000	-228.884978	-205.520370
20261.280000	-228.776159	-205.659027
20265.360000	-228.273041	-205.796663
20269.440000	-228.089492	-205.933278
20273.520000	-228.178065	-206.068872
20277.600000	-228.251233	-206.203445
20281.680000	-228.103629	-206.336998
20285.760000	-227.953762	-206.469529
20289.840000	-227.630325	-206.585980
20293.920000	-227.187256	-206.651713
20298.000000	-226.752817	-206.719689
20302.080000	-226.330816	-206.789909
20306.160000	-225.923734	-206.862373
20310.240000	-225.982854	-206.937080
20314.320000	-226.718117	-207.014030
20318.400000	-227.489013	-207.093224
20322.480000	-228.860215	-207.174662
20326.560000	-229.746964	-207.258343
20330.640000	-230.614697	-207.344268
20334.720000	-231.261942	-207.432436
